These,Best_Policy_Category,Full_Probabilities
Alle Beschäftigten sollen bereits nach 40 Beitragsjahren ohne Abschläge in Rente gehen können.,504 - Welfare State Expansion,"{'504 - Welfare State Expansion': 71.18, '701 - Labour Groups: Positive': 17.1, '503 - Equality: Positive': 6.9, '505 - Welfare State Limitation': 1.95, '706 - Non-economic Demographic Groups': 1.15, '412 - Controlled Economy': 0.36, '704 - Middle Class and Professional Groups': 0.26, '303 - Governmental and Administrative Efficiency': 0.22, '408 - Economic Goals': 0.09, '705 - Underprivileged Minority Groups': 0.09, '201 - Freedom and Human Rights': 0.08, '506 - Education Expansion': 0.06, '401 - Free Market Economy': 0.05, '604 - Traditional Morality: Negative': 0.05, '606 - Civic Mindedness: Positive': 0.05, '411 - Technology and Infrastructure': 0.04, '414 - Economic Orthodoxy': 0.04, '702 - Labour Groups: Negative': 0.04, '403 - Market Regulation': 0.03, '603 - Traditional Morality: Positive': 0.03, '305 - Political Authority': 0.02, '402 - Incentives': 0.02, '202 - Democracy': 0.01, '301 - Federalism': 0.01, '302 - Centralisation': 0.01, '304 - Political Corruption': 0.01, '404 - Economic Planning': 0.01, '405 - Corporatism/ Mixed Economy': 0.01, '410 - Economic Growth: Positive': 0.01, '413 - Nationalisation': 0.01, '415 - Marxist Analysis: Positive': 0.01, '416 - Anti-Growth Economy: Positive': 0.01, '501 - Environmental Protection: Positive': 0.01, '502 - Culture: Positive': 0.01, '601 - National Way of Life: Positive': 0.01, '605 - Law and Order: Positive': 0.01, '608 - Multiculturalism: Negative': 0.01, '703 - Agriculture and Farmers: Positive': 0.01, '101 - Foreign Special Relationships: Positive': 0.0, '102 - Foreign Special Relationships: Negative': 0.0, '103 - Anti-Imperialism': 0.0, '104 - Military: Positive': 0.0, '105 - Military: Negative': 0.0, '106 - Peace': 0.0, '107 - Internationalism: Positive': 0.0, '108 - European Community/Union: Positive': 0.0, '109 - Internationalism: Negative': 0.0, '110 - European Community/Union: Negative': 0.0, '203 - Constitutionalism: Positive': 0.0, '204 - Constitutionalism: Negative': 0.0, '406 - Protectionism: Positive': 0.0, '407 - Protectionism: Negative': 0.0, '409 - Keynesian Demand Management': 0.0, '507 - Education Limitation': 0.0, '602 - National Way of Life: Negative': 0.0, '607 - Multiculturalism: Positive': 0.0}"
Alle Bürgerinnen und Bürger sollen in gesetzlichen Krankenkassen versichert sein müssen.,504 - Welfare State Expansion,"{'504 - Welfare State Expansion': 77.16, '503 - Equality: Positive': 16.32, '403 - Market Regulation': 2.11, '412 - Controlled Economy': 1.13, '505 - Welfare State Limitation': 0.62, '303 - Governmental and Administrative Efficiency': 0.54, '606 - Civic Mindedness: Positive': 0.32, '302 - Centralisation': 0.27, '413 - Nationalisation': 0.24, '201 - Freedom and Human Rights': 0.13, '506 - Education Expansion': 0.13, '605 - Law and Order: Positive': 0.11, '202 - Democracy': 0.09, '706 - Non-economic Demographic Groups': 0.09, '414 - Economic Orthodoxy': 0.06, '608 - Multiculturalism: Negative': 0.06, '401 - Free Market Economy': 0.05, '411 - Technology and Infrastructure': 0.05, '601 - National Way of Life: Positive': 0.05, '408 - Economic Goals': 0.04, '501 - Environmental Protection: Positive': 0.04, '701 - Labour Groups: Positive': 0.04, '705 - Underprivileged Minority Groups': 0.04, '603 - Traditional Morality: Positive': 0.03, '604 - Traditional Morality: Negative': 0.03, '108 - European Community/Union: Positive': 0.02, '304 - Political Corruption': 0.02, '305 - Political Authority': 0.02, '404 - Economic Planning': 0.02, '405 - Corporatism/ Mixed Economy': 0.02, '415 - Marxist Analysis: Positive': 0.02, '502 - Culture: Positive': 0.02, '107 - Internationalism: Positive': 0.01, '203 - Constitutionalism: Positive': 0.01, '204 - Constitutionalism: Negative': 0.01, '301 - Federalism': 0.01, '402 - Incentives': 0.01, '409 - Keynesian Demand Management': 0.01, '416 - Anti-Growth Economy: Positive': 0.01, '507 - Education Limitation': 0.01, '607 - Multiculturalism: Positive': 0.01, '704 - Middle Class and Professional Groups': 0.01, '101 - Foreign Special Relationships: Positive': 0.0, '102 - Foreign Special Relationships: Negative': 0.0, '103 - Anti-Imperialism': 0.0, '104 - Military: Positive': 0.0, '105 - Military: Negative': 0.0, '106 - Peace': 0.0, '109 - Internationalism: Negative': 0.0, '110 - European Community/Union: Negative': 0.0, '406 - Protectionism: Positive': 0.0, '407 - Protectionism: Negative': 0.0, '410 - Economic Growth: Positive': 0.0, '602 - National Way of Life: Negative': 0.0, '702 - Labour Groups: Negative': 0.0, '703 - Agriculture and Farmers: Positive': 0.0}"
An Bahnhöfen soll die Bundespolizei Software zur automatisierten Gesichtserkennung einsetzen dürfen.,605 - Law and Order: Positive,"{'605 - Law and Order: Positive': 82.46, '411 - Technology and Infrastructure': 12.35, '303 - Governmental and Administrative Efficiency': 2.05, '201 - Freedom and Human Rights': 1.35, '202 - Democracy': 0.3, '302 - Centralisation': 0.2, '403 - Market Regulation': 0.12, '503 - Equality: Positive': 0.12, '504 - Welfare State Expansion': 0.12, '601 - National Way of Life: Positive': 0.11, '104 - Military: Positive': 0.1, '301 - Federalism': 0.07, '706 - Non-economic Demographic Groups': 0.07, '401 - Free Market Economy': 0.05, '501 - Environmental Protection: Positive': 0.05, '506 - Education Expansion': 0.05, '606 - Civic Mindedness: Positive': 0.04, '412 - Controlled Economy': 0.03, '502 - Culture: Positive': 0.03, '603 - Traditional Morality: Positive': 0.03, '701 - Labour Groups: Positive': 0.03, '105 - Military: Negative': 0.02, '304 - Political Corruption': 0.02, '402 - Incentives': 0.02, '604 - Traditional Morality: Negative': 0.02, '704 - Middle Class and Professional Groups': 0.02, '705 - Underprivileged Minority Groups': 0.02, '107 - Internationalism: Positive': 0.01, '108 - European Community/Union: Positive': 0.01, '203 - Constitutionalism: Positive': 0.01, '305 - Political Authority': 0.01, '404 - Economic Planning': 0.01, '408 - Economic Goals': 0.01, '413 - Nationalisation': 0.01, '416 - Anti-Growth Economy: Positive': 0.01, '505 - Welfare State Limitation': 0.01, '602 - National Way of Life: Negative': 0.01, '608 - Multiculturalism: Negative': 0.01, '703 - Agriculture and Farmers: Positive': 0.01, '101 - Foreign Special Relationships: Positive': 0.0, '102 - Foreign Special Relationships: Negative': 0.0, '103 - Anti-Imperialism': 0.0, '106 - Peace': 0.0, '109 - Internationalism: Negative': 0.0, '110 - European Community/Union: Negative': 0.0, '204 - Constitutionalism: Negative': 0.0, '405 - Corporatism/ Mixed Economy': 0.0, '406 - Protectionism: Positive': 0.0, '407 - Protectionism: Negative': 0.0, '409 - Keynesian Demand Management': 0.0, '410 - Economic Growth: Positive': 0.0, '414 - Economic Orthodoxy': 0.0, '415 - Marxist Analysis: Positive': 0.0, '507 - Education Limitation': 0.0, '607 - Multiculturalism: Positive': 0.0, '702 - Labour Groups: Negative': 0.0}"
Asylsuchende sollen in Deutschland sofort nach ihrer Antragstellung eine Arbeitserlaubnis erhalten.,705 - Underprivileged Minority Groups,"{'705 - Underprivileged Minority Groups': 36.74, '607 - Multiculturalism: Positive': 33.34, '201 - Freedom and Human Rights': 9.87, '602 - National Way of Life: Negative': 7.4, '608 - Multiculturalism: Negative': 3.13, '701 - Labour Groups: Positive': 2.19, '503 - Equality: Positive': 1.29, '706 - Non-economic Demographic Groups': 0.96, '601 - National Way of Life: Positive': 0.71, '303 - Governmental and Administrative Efficiency': 0.57, '202 - Democracy': 0.53, '605 - Law and Order: Positive': 0.43, '402 - Incentives': 0.3, '704 - Middle Class and Professional Groups': 0.29, '401 - Free Market Economy': 0.25, '606 - Civic Mindedness: Positive': 0.25, '504 - Welfare State Expansion': 0.22, '408 - Economic Goals': 0.21, '107 - Internationalism: Positive': 0.15, '506 - Education Expansion': 0.12, '604 - Traditional Morality: Negative': 0.09, '702 - Labour Groups: Negative': 0.09, '411 - Technology and Infrastructure': 0.07, '505 - Welfare State Limitation': 0.07, '603 - Traditional Morality: Positive': 0.07, '305 - Political Authority': 0.06, '410 - Economic Growth: Positive': 0.05, '108 - European Community/Union: Positive': 0.04, '204 - Constitutionalism: Negative': 0.04, '403 - Market Regulation': 0.04, '409 - Keynesian Demand Management': 0.04, '412 - Controlled Economy': 0.04, '301 - Federalism': 0.03, '407 - Protectionism: Negative': 0.03, '501 - Environmental Protection: Positive': 0.03, '703 - Agriculture and Farmers: Positive': 0.03, '104 - Military: Positive': 0.02, '106 - Peace': 0.02, '110 - European Community/Union: Negative': 0.02, '203 - Constitutionalism: Positive': 0.02, '304 - Political Corruption': 0.02, '502 - Culture: Positive': 0.02, '507 - Education Limitation': 0.02, '101 - Foreign Special Relationships: Positive': 0.01, '102 - Foreign Special Relationships: Negative': 0.01, '103 - Anti-Imperialism': 0.01, '105 - Military: Negative': 0.01, '109 - Internationalism: Negative': 0.01, '302 - Centralisation': 0.01, '405 - Corporatism/ Mixed Economy': 0.01, '406 - Protectionism: Positive': 0.01, '414 - Economic Orthodoxy': 0.01, '415 - Marxist Analysis: Positive': 0.01, '416 - Anti-Growth Economy: Positive': 0.01, '404 - Economic Planning': 0.0, '413 - Nationalisation': 0.0}"
"Asylsuchende, die über einen anderen EU-Staat eingereist sind, sollen an den deutschen Grenzen abgewiesen werden.",601 - National Way of Life: Positive,"{'601 - National Way of Life: Positive': 85.79, '605 - Law and Order: Positive': 7.89, '608 - Multiculturalism: Negative': 4.04, '110 - European Community/Union: Negative': 0.65, '104 - Military: Positive': 0.3, '705 - Underprivileged Minority Groups': 0.23, '109 - Internationalism: Negative': 0.18, '108 - European Community/Union: Positive': 0.14, '107 - Internationalism: Positive': 0.13, '201 - Freedom and Human Rights': 0.06, '406 - Protectionism: Positive': 0.06, '505 - Welfare State Limitation': 0.06, '602 - National Way of Life: Negative': 0.06, '303 - Governmental and Administrative Efficiency': 0.05, '305 - Political Authority': 0.04, '102 - Foreign Special Relationships: Negative': 0.02, '202 - Democracy': 0.02, '603 - Traditional Morality: Positive': 0.02, '606 - Civic Mindedness: Positive': 0.02, '607 - Multiculturalism: Positive': 0.02, '703 - Agriculture and Farmers: Positive': 0.02, '706 - Non-economic Demographic Groups': 0.02, '101 - Foreign Special Relationships: Positive': 0.01, '103 - Anti-Imperialism': 0.01, '204 - Constitutionalism: Negative': 0.01, '302 - Centralisation': 0.01, '304 - Political Corruption': 0.01, '403 - Market Regulation': 0.01, '407 - Protectionism: Negative': 0.01, '408 - Economic Goals': 0.01, '414 - Economic Orthodoxy': 0.01, '501 - Environmental Protection: Positive': 0.01, '502 - Culture: Positive': 0.01, '503 - Equality: Positive': 0.01, '504 - Welfare State Expansion': 0.01, '506 - Education Expansion': 0.01, '701 - Labour Groups: Positive': 0.01, '105 - Military: Negative': 0.0, '106 - Peace': 0.0, '203 - Constitutionalism: Positive': 0.0, '301 - Federalism': 0.0, '401 - Free Market Economy': 0.0, '402 - Incentives': 0.0, '404 - Economic Planning': 0.0, '405 - Corporatism/ Mixed Economy': 0.0, '409 - Keynesian Demand Management': 0.0, '410 - Economic Growth: Positive': 0.0, '411 - Technology and Infrastructure': 0.0, '412 - Controlled Economy': 0.0, '413 - Nationalisation': 0.0, '415 - Marxist Analysis: Positive': 0.0, '416 - Anti-Growth Economy: Positive': 0.0, '507 - Education Limitation': 0.0, '604 - Traditional Morality: Negative': 0.0, '702 - Labour Groups: Negative': 0.0, '704 - Middle Class and Professional Groups': 0.0}"
Auf allen Autobahnen soll ein generelles Tempolimit gelten.,411 - Technology and Infrastructure,"{'411 - Technology and Infrastructure': 61.86, '501 - Environmental Protection: Positive': 15.21, '412 - Controlled Economy': 8.5, '605 - Law and Order: Positive': 5.44, '403 - Market Regulation': 2.23, '706 - Non-economic Demographic Groups': 1.19, '416 - Anti-Growth Economy: Positive': 0.56, '201 - Freedom and Human Rights': 0.48, '303 - Governmental and Administrative Efficiency': 0.41, '107 - Internationalism: Positive': 0.36, '408 - Economic Goals': 0.32, '504 - Welfare State Expansion': 0.32, '503 - Equality: Positive': 0.29, '608 - Multiculturalism: Negative': 0.22, '502 - Culture: Positive': 0.21, '603 - Traditional Morality: Positive': 0.19, '302 - Centralisation': 0.17, '305 - Political Authority': 0.15, '404 - Economic Planning': 0.15, '401 - Free Market Economy': 0.13, '506 - Education Expansion': 0.13, '108 - European Community/Union: Positive': 0.12, '414 - Economic Orthodoxy': 0.12, '601 - National Way of Life: Positive': 0.12, '301 - Federalism': 0.11, '705 - Underprivileged Minority Groups': 0.09, '606 - Civic Mindedness: Positive': 0.07, '106 - Peace': 0.06, '202 - Democracy': 0.06, '402 - Incentives': 0.06, '409 - Keynesian Demand Management': 0.06, '701 - Labour Groups: Positive': 0.06, '101 - Foreign Special Relationships: Positive': 0.05, '607 - Multiculturalism: Positive': 0.05, '104 - Military: Positive': 0.04, '105 - Military: Negative': 0.04, '704 - Middle Class and Professional Groups': 0.04, '102 - Foreign Special Relationships: Negative': 0.03, '203 - Constitutionalism: Positive': 0.03, '406 - Protectionism: Positive': 0.03, '505 - Welfare State Limitation': 0.03, '703 - Agriculture and Farmers: Positive': 0.03, '109 - Internationalism: Negative': 0.02, '110 - European Community/Union: Negative': 0.02, '410 - Economic Growth: Positive': 0.02, '413 - Nationalisation': 0.02, '604 - Traditional Morality: Negative': 0.02, '702 - Labour Groups: Negative': 0.02, '204 - Constitutionalism: Negative': 0.01, '304 - Political Corruption': 0.01, '405 - Corporatism/ Mixed Economy': 0.01, '407 - Protectionism: Negative': 0.01, '415 - Marxist Analysis: Positive': 0.01, '507 - Education Limitation': 0.01, '602 - National Way of Life: Negative': 0.01, '103 - Anti-Imperialism': 0.0}"
Aus Deutschland sollen weiterhin Rüstungsgüter nach Israel exportiert werden dürfen.,105 - Military: Negative,"{'105 - Military: Negative': 55.33, '104 - Military: Positive': 28.75, '107 - Internationalism: Positive': 6.93, '101 - Foreign Special Relationships: Positive': 3.76, '106 - Peace': 1.04, '109 - Internationalism: Negative': 0.51, '102 - Foreign Special Relationships: Negative': 0.46, '103 - Anti-Imperialism': 0.3, '401 - Free Market Economy': 0.28, '411 - Technology and Infrastructure': 0.27, '407 - Protectionism: Negative': 0.25, '202 - Democracy': 0.23, '402 - Incentives': 0.16, '412 - Controlled Economy': 0.15, '201 - Freedom and Human Rights': 0.14, '413 - Nationalisation': 0.1, '604 - Traditional Morality: Negative': 0.1, '410 - Economic Growth: Positive': 0.09, '303 - Governmental and Administrative Efficiency': 0.08, '406 - Protectionism: Positive': 0.08, '408 - Economic Goals': 0.08, '605 - Law and Order: Positive': 0.08, '108 - European Community/Union: Positive': 0.07, '501 - Environmental Protection: Positive': 0.06, '706 - Non-economic Demographic Groups': 0.06, '504 - Welfare State Expansion': 0.05, '704 - Middle Class and Professional Groups': 0.05, '601 - National Way of Life: Positive': 0.04, '702 - Labour Groups: Negative': 0.04, '301 - Federalism': 0.03, '403 - Market Regulation': 0.03, '404 - Economic Planning': 0.03, '506 - Education Expansion': 0.03, '603 - Traditional Morality: Positive': 0.03, '203 - Constitutionalism: Positive': 0.02, '302 - Centralisation': 0.02, '304 - Political Corruption': 0.02, '305 - Political Authority': 0.02, '405 - Corporatism/ Mixed Economy': 0.02, '414 - Economic Orthodoxy': 0.02, '502 - Culture: Positive': 0.02, '503 - Equality: Positive': 0.02, '606 - Civic Mindedness: Positive': 0.02, '701 - Labour Groups: Positive': 0.02, '703 - Agriculture and Farmers: Positive': 0.02, '110 - European Community/Union: Negative': 0.01, '204 - Constitutionalism: Negative': 0.01, '409 - Keynesian Demand Management': 0.01, '415 - Marxist Analysis: Positive': 0.01, '416 - Anti-Growth Economy: Positive': 0.01, '505 - Welfare State Limitation': 0.01, '507 - Education Limitation': 0.01, '602 - National Way of Life: Negative': 0.01, '607 - Multiculturalism: Positive': 0.01, '608 - Multiculturalism: Negative': 0.01, '705 - Underprivileged Minority Groups': 0.01}"
Bei Neuvermietungen sollen die Mietpreise weiterhin gesetzlich begrenzt werden.,412 - Controlled Economy,"{'412 - Controlled Economy': 83.97, '403 - Market Regulation': 13.18, '504 - Welfare State Expansion': 0.84, '402 - Incentives': 0.68, '503 - Equality: Positive': 0.27, '401 - Free Market Economy': 0.15, '303 - Governmental and Administrative Efficiency': 0.09, '411 - Technology and Infrastructure': 0.09, '408 - Economic Goals': 0.06, '605 - Law and Order: Positive': 0.06, '404 - Economic Planning': 0.05, '603 - Traditional Morality: Positive': 0.05, '409 - Keynesian Demand Management': 0.04, '413 - Nationalisation': 0.04, '501 - Environmental Protection: Positive': 0.04, '502 - Culture: Positive': 0.04, '701 - Labour Groups: Positive': 0.04, '704 - Middle Class and Professional Groups': 0.04, '406 - Protectionism: Positive': 0.03, '706 - Non-economic Demographic Groups': 0.03, '405 - Corporatism/ Mixed Economy': 0.02, '414 - Economic Orthodoxy': 0.02, '505 - Welfare State Limitation': 0.02, '108 - European Community/Union: Positive': 0.01, '201 - Freedom and Human Rights': 0.01, '301 - Federalism': 0.01, '302 - Centralisation': 0.01, '305 - Political Authority': 0.01, '407 - Protectionism: Negative': 0.01, '410 - Economic Growth: Positive': 0.01, '416 - Anti-Growth Economy: Positive': 0.01, '506 - Education Expansion': 0.01, '606 - Civic Mindedness: Positive': 0.01, '702 - Labour Groups: Negative': 0.01, '703 - Agriculture and Farmers: Positive': 0.01, '101 - Foreign Special Relationships: Positive': 0.0, '102 - Foreign Special Relationships: Negative': 0.0, '103 - Anti-Imperialism': 0.0, '104 - Military: Positive': 0.0, '105 - Military: Negative': 0.0, '106 - Peace': 0.0, '107 - Internationalism: Positive': 0.0, '109 - Internationalism: Negative': 0.0, '110 - European Community/Union: Negative': 0.0, '202 - Democracy': 0.0, '203 - Constitutionalism: Positive': 0.0, '204 - Constitutionalism: Negative': 0.0, '304 - Political Corruption': 0.0, '415 - Marxist Analysis: Positive': 0.0, '507 - Education Limitation': 0.0, '601 - National Way of Life: Positive': 0.0, '602 - National Way of Life: Negative': 0.0, '604 - Traditional Morality: Negative': 0.0, '607 - Multiculturalism: Positive': 0.0, '608 - Multiculturalism: Negative': 0.0, '705 - Underprivileged Minority Groups': 0.0}"
Bei der Besteuerung von Einkommen soll der Spitzensteuersatz angehoben werden.,503 - Equality: Positive,"{'503 - Equality: Positive': 46.49, '701 - Labour Groups: Positive': 13.46, '408 - Economic Goals': 9.16, '402 - Incentives': 5.93, '412 - Controlled Economy': 5.04, '303 - Governmental and Administrative Efficiency': 3.82, '504 - Welfare State Expansion': 3.71, '401 - Free Market Economy': 2.83, '403 - Market Regulation': 2.44, '414 - Economic Orthodoxy': 1.38, '704 - Middle Class and Professional Groups': 1.31, '409 - Keynesian Demand Management': 0.99, '603 - Traditional Morality: Positive': 0.47, '201 - Freedom and Human Rights': 0.33, '505 - Welfare State Limitation': 0.33, '415 - Marxist Analysis: Positive': 0.31, '404 - Economic Planning': 0.26, '410 - Economic Growth: Positive': 0.23, '706 - Non-economic Demographic Groups': 0.21, '416 - Anti-Growth Economy: Positive': 0.15, '501 - Environmental Protection: Positive': 0.1, '705 - Underprivileged Minority Groups': 0.09, '605 - Law and Order: Positive': 0.08, '506 - Education Expansion': 0.07, '606 - Civic Mindedness: Positive': 0.07, '305 - Political Authority': 0.06, '702 - Labour Groups: Negative': 0.06, '202 - Democracy': 0.05, '301 - Federalism': 0.05, '601 - National Way of Life: Positive': 0.05, '507 - Education Limitation': 0.04, '604 - Traditional Morality: Negative': 0.04, '703 - Agriculture and Farmers: Positive': 0.04, '204 - Constitutionalism: Negative': 0.03, '304 - Political Corruption': 0.03, '407 - Protectionism: Negative': 0.03, '502 - Culture: Positive': 0.03, '108 - European Community/Union: Positive': 0.02, '302 - Centralisation': 0.02, '405 - Corporatism/ Mixed Economy': 0.02, '411 - Technology and Infrastructure': 0.02, '413 - Nationalisation': 0.02, '602 - National Way of Life: Negative': 0.02, '607 - Multiculturalism: Positive': 0.02, '103 - Anti-Imperialism': 0.01, '104 - Military: Positive': 0.01, '105 - Military: Negative': 0.01, '107 - Internationalism: Positive': 0.01, '109 - Internationalism: Negative': 0.01, '203 - Constitutionalism: Positive': 0.01, '406 - Protectionism: Positive': 0.01, '608 - Multiculturalism: Negative': 0.01, '101 - Foreign Special Relationships: Positive': 0.0, '102 - Foreign Special Relationships: Negative': 0.0, '106 - Peace': 0.0, '110 - European Community/Union: Negative': 0.0}"
Beim Ausbau der Verkehrsinfrastruktur soll die Schiene Vorrang vor der Straße haben.,411 - Technology and Infrastructure,"{'411 - Technology and Infrastructure': 92.11, '501 - Environmental Protection: Positive': 5.98, '416 - Anti-Growth Economy: Positive': 1.2, '408 - Economic Goals': 0.1, '303 - Governmental and Administrative Efficiency': 0.07, '412 - Controlled Economy': 0.07, '706 - Non-economic Demographic Groups': 0.05, '401 - Free Market Economy': 0.04, '403 - Market Regulation': 0.03, '503 - Equality: Positive': 0.03, '705 - Underprivileged Minority Groups': 0.03, '201 - Freedom and Human Rights': 0.02, '301 - Federalism': 0.02, '305 - Political Authority': 0.02, '414 - Economic Orthodoxy': 0.02, '502 - Culture: Positive': 0.02, '504 - Welfare State Expansion': 0.02, '703 - Agriculture and Farmers: Positive': 0.02, '107 - Internationalism: Positive': 0.01, '108 - European Community/Union: Positive': 0.01, '202 - Democracy': 0.01, '204 - Constitutionalism: Negative': 0.01, '402 - Incentives': 0.01, '404 - Economic Planning': 0.01, '409 - Keynesian Demand Management': 0.01, '410 - Economic Growth: Positive': 0.01, '413 - Nationalisation': 0.01, '506 - Education Expansion': 0.01, '601 - National Way of Life: Positive': 0.01, '604 - Traditional Morality: Negative': 0.01, '605 - Law and Order: Positive': 0.01, '101 - Foreign Special Relationships: Positive': 0.0, '102 - Foreign Special Relationships: Negative': 0.0, '103 - Anti-Imperialism': 0.0, '104 - Military: Positive': 0.0, '105 - Military: Negative': 0.0, '106 - Peace': 0.0, '109 - Internationalism: Negative': 0.0, '110 - European Community/Union: Negative': 0.0, '203 - Constitutionalism: Positive': 0.0, '302 - Centralisation': 0.0, '304 - Political Corruption': 0.0, '405 - Corporatism/ Mixed Economy': 0.0, '406 - Protectionism: Positive': 0.0, '407 - Protectionism: Negative': 0.0, '415 - Marxist Analysis: Positive': 0.0, '505 - Welfare State Limitation': 0.0, '507 - Education Limitation': 0.0, '602 - National Way of Life: Negative': 0.0, '603 - Traditional Morality: Positive': 0.0, '606 - Civic Mindedness: Positive': 0.0, '607 - Multiculturalism: Positive': 0.0, '608 - Multiculturalism: Negative': 0.0, '701 - Labour Groups: Positive': 0.0, '702 - Labour Groups: Negative': 0.0, '704 - Middle Class and Professional Groups': 0.0}"
"Das Bürgergeld soll denjenigen gestrichen werden, die wiederholt Stellenangebote ablehnen.",505 - Welfare State Limitation,"{'505 - Welfare State Limitation': 90.03, '504 - Welfare State Expansion': 2.49, '701 - Labour Groups: Positive': 2.2, '303 - Governmental and Administrative Efficiency': 1.23, '401 - Free Market Economy': 0.77, '503 - Equality: Positive': 0.5, '702 - Labour Groups: Negative': 0.5, '402 - Incentives': 0.43, '414 - Economic Orthodoxy': 0.25, '507 - Education Limitation': 0.19, '605 - Law and Order: Positive': 0.16, '201 - Freedom and Human Rights': 0.14, '408 - Economic Goals': 0.14, '704 - Middle Class and Professional Groups': 0.12, '706 - Non-economic Demographic Groups': 0.08, '603 - Traditional Morality: Positive': 0.07, '608 - Multiculturalism: Negative': 0.07, '412 - Controlled Economy': 0.06, '601 - National Way of Life: Positive': 0.06, '606 - Civic Mindedness: Positive': 0.06, '304 - Political Corruption': 0.05, '403 - Market Regulation': 0.05, '506 - Education Expansion': 0.05, '705 - Underprivileged Minority Groups': 0.05, '305 - Political Authority': 0.03, '301 - Federalism': 0.02, '105 - Military: Negative': 0.01, '109 - Internationalism: Negative': 0.01, '110 - European Community/Union: Negative': 0.01, '202 - Democracy': 0.01, '204 - Constitutionalism: Negative': 0.01, '302 - Centralisation': 0.01, '404 - Economic Planning': 0.01, '407 - Protectionism: Negative': 0.01, '409 - Keynesian Demand Management': 0.01, '410 - Economic Growth: Positive': 0.01, '411 - Technology and Infrastructure': 0.01, '413 - Nationalisation': 0.01, '415 - Marxist Analysis: Positive': 0.01, '416 - Anti-Growth Economy: Positive': 0.01, '501 - Environmental Protection: Positive': 0.01, '602 - National Way of Life: Negative': 0.01, '604 - Traditional Morality: Negative': 0.01, '703 - Agriculture and Farmers: Positive': 0.01, '101 - Foreign Special Relationships: Positive': 0.0, '102 - Foreign Special Relationships: Negative': 0.0, '103 - Anti-Imperialism': 0.0, '104 - Military: Positive': 0.0, '106 - Peace': 0.0, '107 - Internationalism: Positive': 0.0, '108 - European Community/Union: Positive': 0.0, '203 - Constitutionalism: Positive': 0.0, '405 - Corporatism/ Mixed Economy': 0.0, '406 - Protectionism: Positive': 0.0, '502 - Culture: Positive': 0.0, '607 - Multiculturalism: Positive': 0.0}"
Das Streikrecht für Beschäftigte in Unternehmen der kritischen Infrastruktur soll gesetzlich eingeschränkt werden.,701 - Labour Groups: Positive,"{'701 - Labour Groups: Positive': 74.97, '702 - Labour Groups: Negative': 12.42, '412 - Controlled Economy': 6.53, '403 - Market Regulation': 1.18, '405 - Corporatism/ Mixed Economy': 0.97, '401 - Free Market Economy': 0.79, '605 - Law and Order: Positive': 0.34, '201 - Freedom and Human Rights': 0.28, '303 - Governmental and Administrative Efficiency': 0.28, '411 - Technology and Infrastructure': 0.27, '402 - Incentives': 0.26, '408 - Economic Goals': 0.22, '413 - Nationalisation': 0.16, '503 - Equality: Positive': 0.14, '704 - Middle Class and Professional Groups': 0.14, '415 - Marxist Analysis: Positive': 0.11, '202 - Democracy': 0.08, '104 - Military: Positive': 0.06, '302 - Centralisation': 0.06, '406 - Protectionism: Positive': 0.05, '703 - Agriculture and Farmers: Positive': 0.05, '504 - Welfare State Expansion': 0.04, '606 - Civic Mindedness: Positive': 0.04, '103 - Anti-Imperialism': 0.03, '301 - Federalism': 0.03, '410 - Economic Growth: Positive': 0.03, '414 - Economic Orthodoxy': 0.03, '505 - Welfare State Limitation': 0.03, '603 - Traditional Morality: Positive': 0.03, '706 - Non-economic Demographic Groups': 0.03, '105 - Military: Negative': 0.02, '109 - Internationalism: Negative': 0.02, '110 - European Community/Union: Negative': 0.02, '304 - Political Corruption': 0.02, '305 - Political Authority': 0.02, '409 - Keynesian Demand Management': 0.02, '416 - Anti-Growth Economy: Positive': 0.02, '501 - Environmental Protection: Positive': 0.02, '502 - Culture: Positive': 0.02, '601 - National Way of Life: Positive': 0.02, '604 - Traditional Morality: Negative': 0.02, '102 - Foreign Special Relationships: Negative': 0.01, '106 - Peace': 0.01, '107 - Internationalism: Positive': 0.01, '108 - European Community/Union: Positive': 0.01, '203 - Constitutionalism: Positive': 0.01, '204 - Constitutionalism: Negative': 0.01, '404 - Economic Planning': 0.01, '407 - Protectionism: Negative': 0.01, '506 - Education Expansion': 0.01, '507 - Education Limitation': 0.01, '602 - National Way of Life: Negative': 0.01, '607 - Multiculturalism: Positive': 0.01, '608 - Multiculturalism: Negative': 0.01, '705 - Underprivileged Minority Groups': 0.01, '101 - Foreign Special Relationships: Positive': 0.0}"
Der Ausbau erneuerbarer Energien soll weiterhin vom Staat finanziell gefördert werden.,501 - Environmental Protection: Positive,"{'501 - Environmental Protection: Positive': 71.63, '416 - Anti-Growth Economy: Positive': 15.67, '402 - Incentives': 6.32, '411 - Technology and Infrastructure': 3.83, '412 - Controlled Economy': 0.5, '409 - Keynesian Demand Management': 0.29, '504 - Welfare State Expansion': 0.29, '408 - Economic Goals': 0.22, '410 - Economic Growth: Positive': 0.22, '403 - Market Regulation': 0.19, '404 - Economic Planning': 0.12, '414 - Economic Orthodoxy': 0.08, '413 - Nationalisation': 0.06, '401 - Free Market Economy': 0.05, '703 - Agriculture and Farmers: Positive': 0.05, '303 - Governmental and Administrative Efficiency': 0.04, '406 - Protectionism: Positive': 0.04, '502 - Culture: Positive': 0.04, '503 - Equality: Positive': 0.03, '506 - Education Expansion': 0.03, '606 - Civic Mindedness: Positive': 0.03, '701 - Labour Groups: Positive': 0.03, '301 - Federalism': 0.02, '305 - Political Authority': 0.02, '706 - Non-economic Demographic Groups': 0.02, '104 - Military: Positive': 0.01, '105 - Military: Negative': 0.01, '107 - Internationalism: Positive': 0.01, '108 - European Community/Union: Positive': 0.01, '201 - Freedom and Human Rights': 0.01, '202 - Democracy': 0.01, '302 - Centralisation': 0.01, '304 - Political Corruption': 0.01, '405 - Corporatism/ Mixed Economy': 0.01, '415 - Marxist Analysis: Positive': 0.01, '505 - Welfare State Limitation': 0.01, '507 - Education Limitation': 0.01, '601 - National Way of Life: Positive': 0.01, '603 - Traditional Morality: Positive': 0.01, '704 - Middle Class and Professional Groups': 0.01, '705 - Underprivileged Minority Groups': 0.01, '101 - Foreign Special Relationships: Positive': 0.0, '102 - Foreign Special Relationships: Negative': 0.0, '103 - Anti-Imperialism': 0.0, '106 - Peace': 0.0, '109 - Internationalism: Negative': 0.0, '110 - European Community/Union: Negative': 0.0, '203 - Constitutionalism: Positive': 0.0, '204 - Constitutionalism: Negative': 0.0, '407 - Protectionism: Negative': 0.0, '602 - National Way of Life: Negative': 0.0, '604 - Traditional Morality: Negative': 0.0, '605 - Law and Order: Positive': 0.0, '607 - Multiculturalism: Positive': 0.0, '608 - Multiculturalism: Negative': 0.0, '702 - Labour Groups: Negative': 0.0}"
Der Bund soll Projekte gegen Rechtsextremismus verstärkt fördern.,606 - Civic Mindedness: Positive,"{'606 - Civic Mindedness: Positive': 31.61, '202 - Democracy': 21.11, '605 - Law and Order: Positive': 14.52, '602 - National Way of Life: Negative': 9.62, '503 - Equality: Positive': 6.47, '201 - Freedom and Human Rights': 4.09, '305 - Political Authority': 1.25, '607 - Multiculturalism: Positive': 1.23, '502 - Culture: Positive': 0.91, '705 - Underprivileged Minority Groups': 0.89, '504 - Welfare State Expansion': 0.83, '107 - Internationalism: Positive': 0.61, '106 - Peace': 0.6, '304 - Political Corruption': 0.55, '601 - National Way of Life: Positive': 0.55, '706 - Non-economic Demographic Groups': 0.51, '104 - Military: Positive': 0.48, '608 - Multiculturalism: Negative': 0.47, '604 - Traditional Morality: Negative': 0.43, '603 - Traditional Morality: Positive': 0.42, '506 - Education Expansion': 0.34, '301 - Federalism': 0.32, '105 - Military: Negative': 0.3, '501 - Environmental Protection: Positive': 0.25, '303 - Governmental and Administrative Efficiency': 0.21, '403 - Market Regulation': 0.21, '412 - Controlled Economy': 0.13, '415 - Marxist Analysis: Positive': 0.11, '416 - Anti-Growth Economy: Positive': 0.09, '302 - Centralisation': 0.08, '701 - Labour Groups: Positive': 0.08, '704 - Middle Class and Professional Groups': 0.08, '402 - Incentives': 0.07, '409 - Keynesian Demand Management': 0.07, '103 - Anti-Imperialism': 0.06, '411 - Technology and Infrastructure': 0.06, '108 - European Community/Union: Positive': 0.05, '505 - Welfare State Limitation': 0.05, '102 - Foreign Special Relationships: Negative': 0.03, '405 - Corporatism/ Mixed Economy': 0.03, '408 - Economic Goals': 0.03, '414 - Economic Orthodoxy': 0.03, '101 - Foreign Special Relationships: Positive': 0.02, '109 - Internationalism: Negative': 0.02, '203 - Constitutionalism: Positive': 0.02, '204 - Constitutionalism: Negative': 0.02, '401 - Free Market Economy': 0.02, '404 - Economic Planning': 0.02, '410 - Economic Growth: Positive': 0.02, '110 - European Community/Union: Negative': 0.01, '406 - Protectionism: Positive': 0.01, '407 - Protectionism: Negative': 0.01, '413 - Nationalisation': 0.01, '702 - Labour Groups: Negative': 0.01, '703 - Agriculture and Farmers: Positive': 0.01, '507 - Education Limitation': 0.0}"
Der Bund soll mehr Kompetenzen in der Schulpolitik erhalten.,302 - Centralisation,"{'302 - Centralisation': 74.31, '506 - Education Expansion': 17.7, '301 - Federalism': 5.21, '303 - Governmental and Administrative Efficiency': 0.72, '413 - Nationalisation': 0.29, '203 - Constitutionalism: Positive': 0.18, '507 - Education Limitation': 0.17, '305 - Political Authority': 0.14, '411 - Technology and Infrastructure': 0.13, '412 - Controlled Economy': 0.13, '601 - National Way of Life: Positive': 0.11, '202 - Democracy': 0.07, '403 - Market Regulation': 0.07, '504 - Welfare State Expansion': 0.07, '503 - Equality: Positive': 0.06, '201 - Freedom and Human Rights': 0.05, '204 - Constitutionalism: Negative': 0.05, '501 - Environmental Protection: Positive': 0.04, '603 - Traditional Morality: Positive': 0.04, '109 - Internationalism: Negative': 0.03, '304 - Political Corruption': 0.03, '602 - National Way of Life: Negative': 0.03, '605 - Law and Order: Positive': 0.03, '108 - European Community/Union: Positive': 0.02, '110 - European Community/Union: Negative': 0.02, '401 - Free Market Economy': 0.02, '405 - Corporatism/ Mixed Economy': 0.02, '408 - Economic Goals': 0.02, '502 - Culture: Positive': 0.02, '606 - Civic Mindedness: Positive': 0.02, '607 - Multiculturalism: Positive': 0.02, '608 - Multiculturalism: Negative': 0.02, '703 - Agriculture and Farmers: Positive': 0.02, '102 - Foreign Special Relationships: Negative': 0.01, '103 - Anti-Imperialism': 0.01, '104 - Military: Positive': 0.01, '105 - Military: Negative': 0.01, '107 - Internationalism: Positive': 0.01, '402 - Incentives': 0.01, '404 - Economic Planning': 0.01, '406 - Protectionism: Positive': 0.01, '410 - Economic Growth: Positive': 0.01, '414 - Economic Orthodoxy': 0.01, '415 - Marxist Analysis: Positive': 0.01, '416 - Anti-Growth Economy: Positive': 0.01, '604 - Traditional Morality: Negative': 0.01, '702 - Labour Groups: Negative': 0.01, '704 - Middle Class and Professional Groups': 0.01, '706 - Non-economic Demographic Groups': 0.01, '101 - Foreign Special Relationships: Positive': 0.0, '106 - Peace': 0.0, '407 - Protectionism: Negative': 0.0, '409 - Keynesian Demand Management': 0.0, '505 - Welfare State Limitation': 0.0, '701 - Labour Groups: Positive': 0.0, '705 - Underprivileged Minority Groups': 0.0}"
Der Euro soll in Deutschland durch eine nationale Währung ersetzt werden.,110 - European Community/Union: Negative,"{'110 - European Community/Union: Negative': 54.69, '601 - National Way of Life: Positive': 19.81, '108 - European Community/Union: Positive': 8.27, '109 - Internationalism: Negative': 4.45, '414 - Economic Orthodoxy': 4.07, '408 - Economic Goals': 2.24, '406 - Protectionism: Positive': 1.28, '303 - Governmental and Administrative Efficiency': 0.65, '403 - Market Regulation': 0.44, '412 - Controlled Economy': 0.41, '305 - Political Authority': 0.34, '107 - Internationalism: Positive': 0.3, '103 - Anti-Imperialism': 0.28, '503 - Equality: Positive': 0.23, '608 - Multiculturalism: Negative': 0.22, '301 - Federalism': 0.21, '602 - National Way of Life: Negative': 0.17, '204 - Constitutionalism: Negative': 0.15, '302 - Centralisation': 0.15, '404 - Economic Planning': 0.11, '606 - Civic Mindedness: Positive': 0.11, '202 - Democracy': 0.1, '407 - Protectionism: Negative': 0.1, '401 - Free Market Economy': 0.09, '607 - Multiculturalism: Positive': 0.08, '304 - Political Corruption': 0.07, '409 - Keynesian Demand Management': 0.07, '502 - Culture: Positive': 0.07, '703 - Agriculture and Farmers: Positive': 0.07, '402 - Incentives': 0.06, '410 - Economic Growth: Positive': 0.06, '505 - Welfare State Limitation': 0.06, '413 - Nationalisation': 0.05, '101 - Foreign Special Relationships: Positive': 0.04, '415 - Marxist Analysis: Positive': 0.04, '506 - Education Expansion': 0.04, '603 - Traditional Morality: Positive': 0.04, '701 - Labour Groups: Positive': 0.04, '104 - Military: Positive': 0.03, '416 - Anti-Growth Economy: Positive': 0.03, '504 - Welfare State Expansion': 0.03, '605 - Law and Order: Positive': 0.03, '102 - Foreign Special Relationships: Negative': 0.02, '201 - Freedom and Human Rights': 0.02, '203 - Constitutionalism: Positive': 0.02, '411 - Technology and Infrastructure': 0.02, '501 - Environmental Protection: Positive': 0.02, '507 - Education Limitation': 0.02, '706 - Non-economic Demographic Groups': 0.02, '105 - Military: Negative': 0.01, '106 - Peace': 0.01, '405 - Corporatism/ Mixed Economy': 0.01, '604 - Traditional Morality: Negative': 0.01, '702 - Labour Groups: Negative': 0.01, '704 - Middle Class and Professional Groups': 0.01, '705 - Underprivileged Minority Groups': 0.01}"
Der gesetzliche Mindestlohn soll spätestens 2026 auf 15 Euro erhöht werden.,412 - Controlled Economy,"{'412 - Controlled Economy': 81.12, '701 - Labour Groups: Positive': 15.61, '408 - Economic Goals': 0.8, '504 - Welfare State Expansion': 0.49, '702 - Labour Groups: Negative': 0.27, '503 - Equality: Positive': 0.18, '704 - Middle Class and Professional Groups': 0.17, '405 - Corporatism/ Mixed Economy': 0.14, '410 - Economic Growth: Positive': 0.13, '402 - Incentives': 0.12, '403 - Market Regulation': 0.11, '404 - Economic Planning': 0.11, '414 - Economic Orthodoxy': 0.09, '411 - Technology and Infrastructure': 0.08, '401 - Free Market Economy': 0.06, '706 - Non-economic Demographic Groups': 0.06, '303 - Governmental and Administrative Efficiency': 0.04, '409 - Keynesian Demand Management': 0.04, '505 - Welfare State Limitation': 0.04, '506 - Education Expansion': 0.04, '108 - European Community/Union: Positive': 0.03, '305 - Political Authority': 0.03, '601 - National Way of Life: Positive': 0.02, '703 - Agriculture and Farmers: Positive': 0.02, '101 - Foreign Special Relationships: Positive': 0.01, '104 - Military: Positive': 0.01, '107 - Internationalism: Positive': 0.01, '110 - European Community/Union: Negative': 0.01, '301 - Federalism': 0.01, '302 - Centralisation': 0.01, '406 - Protectionism: Positive': 0.01, '413 - Nationalisation': 0.01, '415 - Marxist Analysis: Positive': 0.01, '416 - Anti-Growth Economy: Positive': 0.01, '501 - Environmental Protection: Positive': 0.01, '502 - Culture: Positive': 0.01, '602 - National Way of Life: Negative': 0.01, '603 - Traditional Morality: Positive': 0.01, '605 - Law and Order: Positive': 0.01, '606 - Civic Mindedness: Positive': 0.01, '608 - Multiculturalism: Negative': 0.01, '705 - Underprivileged Minority Groups': 0.01, '102 - Foreign Special Relationships: Negative': 0.0, '103 - Anti-Imperialism': 0.0, '105 - Military: Negative': 0.0, '106 - Peace': 0.0, '109 - Internationalism: Negative': 0.0, '201 - Freedom and Human Rights': 0.0, '202 - Democracy': 0.0, '203 - Constitutionalism: Positive': 0.0, '204 - Constitutionalism: Negative': 0.0, '304 - Political Corruption': 0.0, '407 - Protectionism: Negative': 0.0, '507 - Education Limitation': 0.0, '604 - Traditional Morality: Negative': 0.0, '607 - Multiculturalism: Positive': 0.0}"
"Deutschland soll das Ziel verwerfen, klimaneutral zu werden.",501 - Environmental Protection: Positive,"{'501 - Environmental Protection: Positive': 40.14, '416 - Anti-Growth Economy: Positive': 17.93, '401 - Free Market Economy': 8.86, '601 - National Way of Life: Positive': 8.71, '305 - Political Authority': 7.34, '408 - Economic Goals': 2.28, '411 - Technology and Infrastructure': 1.61, '201 - Freedom and Human Rights': 1.52, '303 - Governmental and Administrative Efficiency': 1.38, '109 - Internationalism: Negative': 1.19, '110 - European Community/Union: Negative': 1.12, '414 - Economic Orthodoxy': 1.09, '606 - Civic Mindedness: Positive': 0.64, '608 - Multiculturalism: Negative': 0.63, '410 - Economic Growth: Positive': 0.5, '603 - Traditional Morality: Positive': 0.5, '505 - Welfare State Limitation': 0.44, '404 - Economic Planning': 0.37, '412 - Controlled Economy': 0.3, '402 - Incentives': 0.25, '107 - Internationalism: Positive': 0.23, '403 - Market Regulation': 0.2, '502 - Culture: Positive': 0.2, '604 - Traditional Morality: Negative': 0.18, '105 - Military: Negative': 0.17, '506 - Education Expansion': 0.17, '602 - National Way of Life: Negative': 0.17, '503 - Equality: Positive': 0.12, '703 - Agriculture and Farmers: Positive': 0.12, '301 - Federalism': 0.11, '415 - Marxist Analysis: Positive': 0.11, '507 - Education Limitation': 0.1, '607 - Multiculturalism: Positive': 0.1, '706 - Non-economic Demographic Groups': 0.1, '304 - Political Corruption': 0.09, '504 - Welfare State Expansion': 0.09, '103 - Anti-Imperialism': 0.07, '202 - Democracy': 0.07, '701 - Labour Groups: Positive': 0.07, '106 - Peace': 0.06, '302 - Centralisation': 0.06, '409 - Keynesian Demand Management': 0.06, '702 - Labour Groups: Negative': 0.06, '705 - Underprivileged Minority Groups': 0.06, '102 - Foreign Special Relationships: Negative': 0.05, '108 - European Community/Union: Positive': 0.05, '406 - Protectionism: Positive': 0.05, '407 - Protectionism: Negative': 0.05, '104 - Military: Positive': 0.04, '204 - Constitutionalism: Negative': 0.04, '413 - Nationalisation': 0.04, '605 - Law and Order: Positive': 0.04, '704 - Middle Class and Professional Groups': 0.03, '203 - Constitutionalism: Positive': 0.02, '405 - Corporatism/ Mixed Economy': 0.02, '101 - Foreign Special Relationships: Positive': 0.01}"
Deutschland soll die Ukraine weiterhin militärisch unterstützen.,104 - Military: Positive,"{'104 - Military: Positive': 84.82, '107 - Internationalism: Positive': 8.15, '101 - Foreign Special Relationships: Positive': 2.89, '105 - Military: Negative': 1.19, '106 - Peace': 1.07, '109 - Internationalism: Negative': 0.57, '103 - Anti-Imperialism': 0.25, '102 - Foreign Special Relationships: Negative': 0.22, '411 - Technology and Infrastructure': 0.12, '605 - Law and Order: Positive': 0.08, '108 - European Community/Union: Positive': 0.07, '504 - Welfare State Expansion': 0.04, '601 - National Way of Life: Positive': 0.04, '202 - Democracy': 0.03, '303 - Governmental and Administrative Efficiency': 0.03, '305 - Political Authority': 0.03, '412 - Controlled Economy': 0.03, '704 - Middle Class and Professional Groups': 0.03, '406 - Protectionism: Positive': 0.02, '410 - Economic Growth: Positive': 0.02, '413 - Nationalisation': 0.02, '606 - Civic Mindedness: Positive': 0.02, '706 - Non-economic Demographic Groups': 0.02, '110 - European Community/Union: Negative': 0.01, '201 - Freedom and Human Rights': 0.01, '204 - Constitutionalism: Negative': 0.01, '301 - Federalism': 0.01, '304 - Political Corruption': 0.01, '402 - Incentives': 0.01, '403 - Market Regulation': 0.01, '404 - Economic Planning': 0.01, '405 - Corporatism/ Mixed Economy': 0.01, '407 - Protectionism: Negative': 0.01, '408 - Economic Goals': 0.01, '409 - Keynesian Demand Management': 0.01, '414 - Economic Orthodoxy': 0.01, '415 - Marxist Analysis: Positive': 0.01, '501 - Environmental Protection: Positive': 0.01, '503 - Equality: Positive': 0.01, '506 - Education Expansion': 0.01, '602 - National Way of Life: Negative': 0.01, '604 - Traditional Morality: Negative': 0.01, '701 - Labour Groups: Positive': 0.01, '703 - Agriculture and Farmers: Positive': 0.01, '705 - Underprivileged Minority Groups': 0.01, '203 - Constitutionalism: Positive': 0.0, '302 - Centralisation': 0.0, '401 - Free Market Economy': 0.0, '416 - Anti-Growth Economy: Positive': 0.0, '502 - Culture: Positive': 0.0, '505 - Welfare State Limitation': 0.0, '507 - Education Limitation': 0.0, '603 - Traditional Morality: Positive': 0.0, '607 - Multiculturalism: Positive': 0.0, '608 - Multiculturalism: Negative': 0.0, '702 - Labour Groups: Negative': 0.0}"
Deutschland soll sich für die Abschaffung der erhöhten EU-Zölle auf chinesische Elektroautos einsetzen.,407 - Protectionism: Negative,"{'407 - Protectionism: Negative': 39.82, '107 - Internationalism: Positive': 16.58, '401 - Free Market Economy': 9.15, '406 - Protectionism: Positive': 4.7, '416 - Anti-Growth Economy: Positive': 4.67, '108 - European Community/Union: Positive': 3.82, '501 - Environmental Protection: Positive': 3.44, '411 - Technology and Infrastructure': 3.41, '402 - Incentives': 2.14, '110 - European Community/Union: Negative': 1.78, '109 - Internationalism: Negative': 1.6, '403 - Market Regulation': 1.48, '408 - Economic Goals': 1.48, '412 - Controlled Economy': 0.89, '101 - Foreign Special Relationships: Positive': 0.7, '410 - Economic Growth: Positive': 0.51, '201 - Freedom and Human Rights': 0.48, '303 - Governmental and Administrative Efficiency': 0.32, '102 - Foreign Special Relationships: Negative': 0.31, '503 - Equality: Positive': 0.3, '103 - Anti-Imperialism': 0.25, '305 - Political Authority': 0.16, '502 - Culture: Positive': 0.16, '409 - Keynesian Demand Management': 0.14, '706 - Non-economic Demographic Groups': 0.13, '601 - National Way of Life: Positive': 0.12, '602 - National Way of Life: Negative': 0.11, '105 - Military: Negative': 0.1, '404 - Economic Planning': 0.09, '414 - Economic Orthodoxy': 0.09, '705 - Underprivileged Minority Groups': 0.09, '302 - Centralisation': 0.07, '703 - Agriculture and Farmers: Positive': 0.07, '106 - Peace': 0.06, '202 - Democracy': 0.06, '415 - Marxist Analysis: Positive': 0.06, '604 - Traditional Morality: Negative': 0.06, '413 - Nationalisation': 0.05, '504 - Welfare State Expansion': 0.05, '701 - Labour Groups: Positive': 0.05, '506 - Education Expansion': 0.04, '603 - Traditional Morality: Positive': 0.04, '606 - Civic Mindedness: Positive': 0.04, '204 - Constitutionalism: Negative': 0.03, '301 - Federalism': 0.03, '304 - Political Corruption': 0.03, '405 - Corporatism/ Mixed Economy': 0.03, '607 - Multiculturalism: Positive': 0.03, '608 - Multiculturalism: Negative': 0.03, '702 - Labour Groups: Negative': 0.03, '104 - Military: Positive': 0.02, '203 - Constitutionalism: Positive': 0.02, '505 - Welfare State Limitation': 0.02, '507 - Education Limitation': 0.02, '704 - Middle Class and Professional Groups': 0.02, '605 - Law and Order: Positive': 0.01}"
Deutschland soll weiterhin die Anwerbung von Fachkräften aus dem Ausland fördern.,411 - Technology and Infrastructure,"{'411 - Technology and Infrastructure': 39.99, '704 - Middle Class and Professional Groups': 17.82, '701 - Labour Groups: Positive': 7.09, '506 - Education Expansion': 6.99, '402 - Incentives': 5.43, '602 - National Way of Life: Negative': 4.8, '107 - Internationalism: Positive': 3.14, '705 - Underprivileged Minority Groups': 1.73, '408 - Economic Goals': 1.4, '401 - Free Market Economy': 1.33, '607 - Multiculturalism: Positive': 1.19, '504 - Welfare State Expansion': 1.06, '407 - Protectionism: Negative': 1.0, '601 - National Way of Life: Positive': 0.98, '706 - Non-economic Demographic Groups': 0.76, '303 - Governmental and Administrative Efficiency': 0.47, '606 - Civic Mindedness: Positive': 0.43, '410 - Economic Growth: Positive': 0.39, '403 - Market Regulation': 0.38, '406 - Protectionism: Positive': 0.36, '608 - Multiculturalism: Negative': 0.36, '503 - Equality: Positive': 0.32, '301 - Federalism': 0.21, '507 - Education Limitation': 0.19, '405 - Corporatism/ Mixed Economy': 0.17, '502 - Culture: Positive': 0.16, '412 - Controlled Economy': 0.15, '505 - Welfare State Limitation': 0.15, '501 - Environmental Protection: Positive': 0.14, '703 - Agriculture and Farmers: Positive': 0.14, '101 - Foreign Special Relationships: Positive': 0.13, '108 - European Community/Union: Positive': 0.13, '702 - Labour Groups: Negative': 0.12, '404 - Economic Planning': 0.11, '201 - Freedom and Human Rights': 0.08, '202 - Democracy': 0.08, '605 - Law and Order: Positive': 0.08, '409 - Keynesian Demand Management': 0.07, '414 - Economic Orthodoxy': 0.07, '104 - Military: Positive': 0.06, '109 - Internationalism: Negative': 0.05, '416 - Anti-Growth Economy: Positive': 0.05, '603 - Traditional Morality: Positive': 0.04, '604 - Traditional Morality: Negative': 0.04, '106 - Peace': 0.03, '304 - Political Corruption': 0.03, '102 - Foreign Special Relationships: Negative': 0.02, '103 - Anti-Imperialism': 0.02, '110 - European Community/Union: Negative': 0.02, '302 - Centralisation': 0.02, '105 - Military: Negative': 0.01, '203 - Constitutionalism: Positive': 0.01, '204 - Constitutionalism: Negative': 0.01, '305 - Political Authority': 0.01, '413 - Nationalisation': 0.01, '415 - Marxist Analysis: Positive': 0.01}"
Die Ausbildungsförderung BAföG soll weiterhin abhängig vom Einkommen der Eltern gezahlt werden.,503 - Equality: Positive,"{'503 - Equality: Positive': 62.66, '506 - Education Expansion': 19.47, '504 - Welfare State Expansion': 12.89, '505 - Welfare State Limitation': 1.16, '507 - Education Limitation': 0.89, '411 - Technology and Infrastructure': 0.37, '603 - Traditional Morality: Positive': 0.33, '701 - Labour Groups: Positive': 0.25, '303 - Governmental and Administrative Efficiency': 0.22, '706 - Non-economic Demographic Groups': 0.19, '412 - Controlled Economy': 0.16, '604 - Traditional Morality: Negative': 0.15, '705 - Underprivileged Minority Groups': 0.15, '201 - Freedom and Human Rights': 0.1, '704 - Middle Class and Professional Groups': 0.1, '401 - Free Market Economy': 0.09, '403 - Market Regulation': 0.09, '402 - Incentives': 0.07, '408 - Economic Goals': 0.07, '301 - Federalism': 0.06, '414 - Economic Orthodoxy': 0.06, '606 - Civic Mindedness: Positive': 0.06, '608 - Multiculturalism: Negative': 0.05, '607 - Multiculturalism: Positive': 0.04, '409 - Keynesian Demand Management': 0.03, '304 - Political Corruption': 0.02, '404 - Economic Planning': 0.02, '601 - National Way of Life: Positive': 0.02, '703 - Agriculture and Farmers: Positive': 0.02, '108 - European Community/Union: Positive': 0.01, '202 - Democracy': 0.01, '204 - Constitutionalism: Negative': 0.01, '302 - Centralisation': 0.01, '305 - Political Authority': 0.01, '405 - Corporatism/ Mixed Economy': 0.01, '410 - Economic Growth: Positive': 0.01, '413 - Nationalisation': 0.01, '415 - Marxist Analysis: Positive': 0.01, '416 - Anti-Growth Economy: Positive': 0.01, '501 - Environmental Protection: Positive': 0.01, '502 - Culture: Positive': 0.01, '602 - National Way of Life: Negative': 0.01, '605 - Law and Order: Positive': 0.01, '702 - Labour Groups: Negative': 0.01, '101 - Foreign Special Relationships: Positive': 0.0, '102 - Foreign Special Relationships: Negative': 0.0, '103 - Anti-Imperialism': 0.0, '104 - Military: Positive': 0.0, '105 - Military: Negative': 0.0, '106 - Peace': 0.0, '107 - Internationalism: Positive': 0.0, '109 - Internationalism: Negative': 0.0, '110 - European Community/Union: Negative': 0.0, '203 - Constitutionalism: Positive': 0.0, '406 - Protectionism: Positive': 0.0, '407 - Protectionism: Negative': 0.0}"
Die Grundsteuer soll weiterhin auf Mieterinnen und Mieter umgelegt werden dürfen.,403 - Market Regulation,"{'403 - Market Regulation': 56.82, '412 - Controlled Economy': 18.41, '503 - Equality: Positive': 6.49, '401 - Free Market Economy': 5.11, '504 - Welfare State Expansion': 3.91, '402 - Incentives': 2.68, '201 - Freedom and Human Rights': 1.18, '303 - Governmental and Administrative Efficiency': 1.09, '408 - Economic Goals': 1.03, '409 - Keynesian Demand Management': 0.45, '704 - Middle Class and Professional Groups': 0.26, '505 - Welfare State Limitation': 0.24, '701 - Labour Groups: Positive': 0.22, '301 - Federalism': 0.18, '706 - Non-economic Demographic Groups': 0.18, '606 - Civic Mindedness: Positive': 0.17, '411 - Technology and Infrastructure': 0.16, '414 - Economic Orthodoxy': 0.16, '202 - Democracy': 0.15, '501 - Environmental Protection: Positive': 0.14, '603 - Traditional Morality: Positive': 0.14, '605 - Law and Order: Positive': 0.11, '404 - Economic Planning': 0.07, '405 - Corporatism/ Mixed Economy': 0.07, '413 - Nationalisation': 0.05, '416 - Anti-Growth Economy: Positive': 0.05, '705 - Underprivileged Minority Groups': 0.05, '305 - Political Authority': 0.04, '502 - Culture: Positive': 0.04, '302 - Centralisation': 0.03, '407 - Protectionism: Negative': 0.03, '415 - Marxist Analysis: Positive': 0.03, '108 - European Community/Union: Positive': 0.02, '410 - Economic Growth: Positive': 0.02, '506 - Education Expansion': 0.02, '601 - National Way of Life: Positive': 0.02, '604 - Traditional Morality: Negative': 0.02, '702 - Labour Groups: Negative': 0.02, '703 - Agriculture and Farmers: Positive': 0.02, '105 - Military: Negative': 0.01, '106 - Peace': 0.01, '107 - Internationalism: Positive': 0.01, '109 - Internationalism: Negative': 0.01, '203 - Constitutionalism: Positive': 0.01, '204 - Constitutionalism: Negative': 0.01, '304 - Political Corruption': 0.01, '406 - Protectionism: Positive': 0.01, '507 - Education Limitation': 0.01, '607 - Multiculturalism: Positive': 0.01, '608 - Multiculturalism: Negative': 0.01, '101 - Foreign Special Relationships: Positive': 0.0, '102 - Foreign Special Relationships: Negative': 0.0, '103 - Anti-Imperialism': 0.0, '104 - Military: Positive': 0.0, '110 - European Community/Union: Negative': 0.0, '602 - National Way of Life: Negative': 0.0}"
Die Schuldenbremse im Grundgesetz soll beibehalten werden.,414 - Economic Orthodoxy,"{'414 - Economic Orthodoxy': 83.47, '204 - Constitutionalism: Negative': 7.73, '203 - Constitutionalism: Positive': 3.45, '409 - Keynesian Demand Management': 1.27, '303 - Governmental and Administrative Efficiency': 0.98, '408 - Economic Goals': 0.58, '108 - European Community/Union: Positive': 0.27, '110 - European Community/Union: Negative': 0.24, '412 - Controlled Economy': 0.21, '503 - Equality: Positive': 0.21, '504 - Welfare State Expansion': 0.16, '202 - Democracy': 0.13, '305 - Political Authority': 0.12, '403 - Market Regulation': 0.09, '505 - Welfare State Limitation': 0.09, '601 - National Way of Life: Positive': 0.08, '404 - Economic Planning': 0.07, '401 - Free Market Economy': 0.06, '410 - Economic Growth: Positive': 0.06, '103 - Anti-Imperialism': 0.05, '302 - Centralisation': 0.05, '402 - Incentives': 0.05, '416 - Anti-Growth Economy: Positive': 0.04, '603 - Traditional Morality: Positive': 0.04, '109 - Internationalism: Negative': 0.03, '301 - Federalism': 0.03, '304 - Political Corruption': 0.03, '406 - Protectionism: Positive': 0.03, '413 - Nationalisation': 0.03, '501 - Environmental Protection: Positive': 0.03, '605 - Law and Order: Positive': 0.03, '606 - Civic Mindedness: Positive': 0.03, '104 - Military: Positive': 0.02, '105 - Military: Negative': 0.02, '107 - Internationalism: Positive': 0.02, '411 - Technology and Infrastructure': 0.02, '507 - Education Limitation': 0.02, '701 - Labour Groups: Positive': 0.02, '705 - Underprivileged Minority Groups': 0.02, '706 - Non-economic Demographic Groups': 0.02, '101 - Foreign Special Relationships: Positive': 0.01, '102 - Foreign Special Relationships: Negative': 0.01, '201 - Freedom and Human Rights': 0.01, '415 - Marxist Analysis: Positive': 0.01, '502 - Culture: Positive': 0.01, '506 - Education Expansion': 0.01, '602 - National Way of Life: Negative': 0.01, '604 - Traditional Morality: Negative': 0.01, '608 - Multiculturalism: Negative': 0.01, '703 - Agriculture and Farmers: Positive': 0.01, '704 - Middle Class and Professional Groups': 0.01, '106 - Peace': 0.0, '405 - Corporatism/ Mixed Economy': 0.0, '407 - Protectionism: Negative': 0.0, '607 - Multiculturalism: Positive': 0.0, '702 - Labour Groups: Negative': 0.0}"
Die gesetzliche Frauenquote in Vorständen und Aufsichtsräten börsennotierter Unternehmen soll abgeschafft werden.,503 - Equality: Positive,"{'503 - Equality: Positive': 73.99, '604 - Traditional Morality: Negative': 15.62, '706 - Non-economic Demographic Groups': 5.02, '603 - Traditional Morality: Positive': 1.36, '412 - Controlled Economy': 0.45, '608 - Multiculturalism: Negative': 0.43, '201 - Freedom and Human Rights': 0.4, '605 - Law and Order: Positive': 0.32, '401 - Free Market Economy': 0.22, '705 - Underprivileged Minority Groups': 0.22, '303 - Governmental and Administrative Efficiency': 0.17, '202 - Democracy': 0.15, '403 - Market Regulation': 0.13, '415 - Marxist Analysis: Positive': 0.11, '701 - Labour Groups: Positive': 0.11, '504 - Welfare State Expansion': 0.1, '408 - Economic Goals': 0.09, '505 - Welfare State Limitation': 0.09, '601 - National Way of Life: Positive': 0.08, '606 - Civic Mindedness: Positive': 0.08, '702 - Labour Groups: Negative': 0.08, '304 - Political Corruption': 0.07, '305 - Political Authority': 0.06, '204 - Constitutionalism: Negative': 0.05, '402 - Incentives': 0.05, '501 - Environmental Protection: Positive': 0.04, '110 - European Community/Union: Negative': 0.03, '302 - Centralisation': 0.03, '414 - Economic Orthodoxy': 0.03, '506 - Education Expansion': 0.03, '602 - National Way of Life: Negative': 0.03, '704 - Middle Class and Professional Groups': 0.03, '105 - Military: Negative': 0.02, '203 - Constitutionalism: Positive': 0.02, '301 - Federalism': 0.02, '407 - Protectionism: Negative': 0.02, '411 - Technology and Infrastructure': 0.02, '416 - Anti-Growth Economy: Positive': 0.02, '507 - Education Limitation': 0.02, '607 - Multiculturalism: Positive': 0.02, '102 - Foreign Special Relationships: Negative': 0.01, '103 - Anti-Imperialism': 0.01, '104 - Military: Positive': 0.01, '107 - Internationalism: Positive': 0.01, '108 - European Community/Union: Positive': 0.01, '109 - Internationalism: Negative': 0.01, '404 - Economic Planning': 0.01, '405 - Corporatism/ Mixed Economy': 0.01, '406 - Protectionism: Positive': 0.01, '410 - Economic Growth: Positive': 0.01, '413 - Nationalisation': 0.01, '502 - Culture: Positive': 0.01, '703 - Agriculture and Farmers: Positive': 0.01, '101 - Foreign Special Relationships: Positive': 0.0, '106 - Peace': 0.0, '409 - Keynesian Demand Management': 0.0}"
Ehrenamtliche Tätigkeiten sollen auf die zukünftige Rente angerechnet werden.,606 - Civic Mindedness: Positive,"{'606 - Civic Mindedness: Positive': 80.63, '504 - Welfare State Expansion': 13.33, '505 - Welfare State Limitation': 2.52, '503 - Equality: Positive': 0.94, '701 - Labour Groups: Positive': 0.52, '202 - Democracy': 0.26, '403 - Market Regulation': 0.26, '303 - Governmental and Administrative Efficiency': 0.19, '201 - Freedom and Human Rights': 0.18, '402 - Incentives': 0.14, '405 - Corporatism/ Mixed Economy': 0.13, '706 - Non-economic Demographic Groups': 0.1, '401 - Free Market Economy': 0.09, '412 - Controlled Economy': 0.08, '304 - Political Corruption': 0.05, '416 - Anti-Growth Economy: Positive': 0.05, '408 - Economic Goals': 0.04, '601 - National Way of Life: Positive': 0.04, '704 - Middle Class and Professional Groups': 0.04, '501 - Environmental Protection: Positive': 0.03, '502 - Culture: Positive': 0.03, '506 - Education Expansion': 0.03, '603 - Traditional Morality: Positive': 0.03, '705 - Underprivileged Minority Groups': 0.03, '107 - Internationalism: Positive': 0.02, '301 - Federalism': 0.02, '414 - Economic Orthodoxy': 0.02, '415 - Marxist Analysis: Positive': 0.02, '604 - Traditional Morality: Negative': 0.02, '605 - Law and Order: Positive': 0.02, '105 - Military: Negative': 0.01, '106 - Peace': 0.01, '109 - Internationalism: Negative': 0.01, '305 - Political Authority': 0.01, '404 - Economic Planning': 0.01, '409 - Keynesian Demand Management': 0.01, '410 - Economic Growth: Positive': 0.01, '411 - Technology and Infrastructure': 0.01, '413 - Nationalisation': 0.01, '507 - Education Limitation': 0.01, '602 - National Way of Life: Negative': 0.01, '607 - Multiculturalism: Positive': 0.01, '608 - Multiculturalism: Negative': 0.01, '702 - Labour Groups: Negative': 0.01, '703 - Agriculture and Farmers: Positive': 0.01, '101 - Foreign Special Relationships: Positive': 0.0, '102 - Foreign Special Relationships: Negative': 0.0, '103 - Anti-Imperialism': 0.0, '104 - Military: Positive': 0.0, '108 - European Community/Union: Positive': 0.0, '110 - European Community/Union: Negative': 0.0, '203 - Constitutionalism: Positive': 0.0, '204 - Constitutionalism: Negative': 0.0, '302 - Centralisation': 0.0, '406 - Protectionism: Positive': 0.0, '407 - Protectionism: Negative': 0.0}"
Energieintensive Unternehmen sollen vom Staat einen finanziellen Ausgleich für ihre Stromkosten erhalten.,402 - Incentives,"{'402 - Incentives': 83.03, '403 - Market Regulation': 6.0, '411 - Technology and Infrastructure': 2.54, '412 - Controlled Economy': 1.81, '416 - Anti-Growth Economy: Positive': 0.84, '413 - Nationalisation': 0.78, '408 - Economic Goals': 0.7, '409 - Keynesian Demand Management': 0.66, '504 - Welfare State Expansion': 0.63, '501 - Environmental Protection: Positive': 0.6, '401 - Free Market Economy': 0.57, '410 - Economic Growth: Positive': 0.28, '503 - Equality: Positive': 0.22, '406 - Protectionism: Positive': 0.21, '303 - Governmental and Administrative Efficiency': 0.17, '404 - Economic Planning': 0.15, '701 - Labour Groups: Positive': 0.14, '704 - Middle Class and Professional Groups': 0.09, '414 - Economic Orthodoxy': 0.08, '405 - Corporatism/ Mixed Economy': 0.07, '606 - Civic Mindedness: Positive': 0.04, '301 - Federalism': 0.03, '502 - Culture: Positive': 0.03, '506 - Education Expansion': 0.03, '703 - Agriculture and Farmers: Positive': 0.03, '104 - Military: Positive': 0.02, '505 - Welfare State Limitation': 0.02, '601 - National Way of Life: Positive': 0.02, '605 - Law and Order: Positive': 0.02, '705 - Underprivileged Minority Groups': 0.02, '706 - Non-economic Demographic Groups': 0.02, '105 - Military: Negative': 0.01, '107 - Internationalism: Positive': 0.01, '201 - Freedom and Human Rights': 0.01, '202 - Democracy': 0.01, '302 - Centralisation': 0.01, '304 - Political Corruption': 0.01, '305 - Political Authority': 0.01, '407 - Protectionism: Negative': 0.01, '415 - Marxist Analysis: Positive': 0.01, '507 - Education Limitation': 0.01, '603 - Traditional Morality: Positive': 0.01, '604 - Traditional Morality: Negative': 0.01, '607 - Multiculturalism: Positive': 0.01, '101 - Foreign Special Relationships: Positive': 0.0, '102 - Foreign Special Relationships: Negative': 0.0, '103 - Anti-Imperialism': 0.0, '106 - Peace': 0.0, '108 - European Community/Union: Positive': 0.0, '109 - Internationalism: Negative': 0.0, '110 - European Community/Union: Negative': 0.0, '203 - Constitutionalism: Positive': 0.0, '204 - Constitutionalism: Negative': 0.0, '602 - National Way of Life: Negative': 0.0, '608 - Multiculturalism: Negative': 0.0, '702 - Labour Groups: Negative': 0.0}"
Für die Stromerzeugung soll Deutschland wieder Kernenergie nutzen.,411 - Technology and Infrastructure,"{'411 - Technology and Infrastructure': 58.97, '408 - Economic Goals': 17.7, '501 - Environmental Protection: Positive': 16.78, '416 - Anti-Growth Economy: Positive': 1.35, '413 - Nationalisation': 1.34, '410 - Economic Growth: Positive': 0.85, '412 - Controlled Economy': 0.75, '409 - Keynesian Demand Management': 0.21, '601 - National Way of Life: Positive': 0.21, '402 - Incentives': 0.2, '414 - Economic Orthodoxy': 0.19, '404 - Economic Planning': 0.17, '401 - Free Market Economy': 0.14, '305 - Political Authority': 0.11, '104 - Military: Positive': 0.1, '504 - Welfare State Expansion': 0.1, '303 - Governmental and Administrative Efficiency': 0.09, '403 - Market Regulation': 0.09, '406 - Protectionism: Positive': 0.09, '701 - Labour Groups: Positive': 0.05, '105 - Military: Negative': 0.04, '109 - Internationalism: Negative': 0.03, '302 - Centralisation': 0.03, '502 - Culture: Positive': 0.03, '506 - Education Expansion': 0.03, '703 - Agriculture and Farmers: Positive': 0.03, '201 - Freedom and Human Rights': 0.02, '405 - Corporatism/ Mixed Economy': 0.02, '415 - Marxist Analysis: Positive': 0.02, '503 - Equality: Positive': 0.02, '603 - Traditional Morality: Positive': 0.02, '604 - Traditional Morality: Negative': 0.02, '706 - Non-economic Demographic Groups': 0.02, '101 - Foreign Special Relationships: Positive': 0.01, '102 - Foreign Special Relationships: Negative': 0.01, '103 - Anti-Imperialism': 0.01, '106 - Peace': 0.01, '107 - Internationalism: Positive': 0.01, '108 - European Community/Union: Positive': 0.01, '110 - European Community/Union: Negative': 0.01, '202 - Democracy': 0.01, '203 - Constitutionalism: Positive': 0.01, '204 - Constitutionalism: Negative': 0.01, '301 - Federalism': 0.01, '407 - Protectionism: Negative': 0.01, '505 - Welfare State Limitation': 0.01, '507 - Education Limitation': 0.01, '605 - Law and Order: Positive': 0.01, '606 - Civic Mindedness: Positive': 0.01, '607 - Multiculturalism: Positive': 0.01, '608 - Multiculturalism: Negative': 0.01, '704 - Middle Class and Professional Groups': 0.01, '705 - Underprivileged Minority Groups': 0.01, '304 - Political Corruption': 0.0, '602 - National Way of Life: Negative': 0.0, '702 - Labour Groups: Negative': 0.0}"
Für junge Erwachsene soll ein soziales Pflichtjahr eingeführt werden.,606 - Civic Mindedness: Positive,"{'606 - Civic Mindedness: Positive': 87.18, '504 - Welfare State Expansion': 5.0, '506 - Education Expansion': 2.6, '503 - Equality: Positive': 1.15, '505 - Welfare State Limitation': 0.67, '706 - Non-economic Demographic Groups': 0.67, '411 - Technology and Infrastructure': 0.51, '603 - Traditional Morality: Positive': 0.46, '608 - Multiculturalism: Negative': 0.22, '303 - Governmental and Administrative Efficiency': 0.17, '605 - Law and Order: Positive': 0.16, '601 - National Way of Life: Positive': 0.13, '502 - Culture: Positive': 0.12, '701 - Labour Groups: Positive': 0.12, '604 - Traditional Morality: Negative': 0.11, '202 - Democracy': 0.09, '403 - Market Regulation': 0.08, '412 - Controlled Economy': 0.06, '416 - Anti-Growth Economy: Positive': 0.05, '607 - Multiculturalism: Positive': 0.05, '501 - Environmental Protection: Positive': 0.04, '705 - Underprivileged Minority Groups': 0.04, '201 - Freedom and Human Rights': 0.03, '302 - Centralisation': 0.02, '304 - Political Corruption': 0.02, '402 - Incentives': 0.02, '405 - Corporatism/ Mixed Economy': 0.02, '408 - Economic Goals': 0.02, '507 - Education Limitation': 0.02, '704 - Middle Class and Professional Groups': 0.02, '104 - Military: Positive': 0.01, '105 - Military: Negative': 0.01, '106 - Peace': 0.01, '107 - Internationalism: Positive': 0.01, '108 - European Community/Union: Positive': 0.01, '301 - Federalism': 0.01, '305 - Political Authority': 0.01, '401 - Free Market Economy': 0.01, '404 - Economic Planning': 0.01, '414 - Economic Orthodoxy': 0.01, '415 - Marxist Analysis: Positive': 0.01, '602 - National Way of Life: Negative': 0.01, '101 - Foreign Special Relationships: Positive': 0.0, '102 - Foreign Special Relationships: Negative': 0.0, '103 - Anti-Imperialism': 0.0, '109 - Internationalism: Negative': 0.0, '110 - European Community/Union: Negative': 0.0, '203 - Constitutionalism: Positive': 0.0, '204 - Constitutionalism: Negative': 0.0, '406 - Protectionism: Positive': 0.0, '407 - Protectionism: Negative': 0.0, '409 - Keynesian Demand Management': 0.0, '410 - Economic Growth: Positive': 0.0, '413 - Nationalisation': 0.0, '702 - Labour Groups: Negative': 0.0, '703 - Agriculture and Farmers: Positive': 0.0}"
Im einleitenden Satz des Grundgesetzes soll weiterhin die Formulierung „Verantwortung vor Gott“ stehen.,603 - Traditional Morality: Positive,"{'603 - Traditional Morality: Positive': 63.13, '203 - Constitutionalism: Positive': 22.03, '204 - Constitutionalism: Negative': 8.14, '201 - Freedom and Human Rights': 1.78, '604 - Traditional Morality: Negative': 1.0, '202 - Democracy': 0.82, '601 - National Way of Life: Positive': 0.53, '607 - Multiculturalism: Positive': 0.29, '605 - Law and Order: Positive': 0.25, '503 - Equality: Positive': 0.17, '303 - Governmental and Administrative Efficiency': 0.14, '110 - European Community/Union: Negative': 0.12, '505 - Welfare State Limitation': 0.12, '706 - Non-economic Demographic Groups': 0.12, '501 - Environmental Protection: Positive': 0.1, '305 - Political Authority': 0.09, '502 - Culture: Positive': 0.09, '504 - Welfare State Expansion': 0.09, '506 - Education Expansion': 0.08, '606 - Civic Mindedness: Positive': 0.08, '608 - Multiculturalism: Negative': 0.08, '108 - European Community/Union: Positive': 0.05, '401 - Free Market Economy': 0.05, '414 - Economic Orthodoxy': 0.05, '416 - Anti-Growth Economy: Positive': 0.05, '304 - Political Corruption': 0.04, '507 - Education Limitation': 0.04, '705 - Underprivileged Minority Groups': 0.04, '301 - Federalism': 0.03, '302 - Centralisation': 0.03, '403 - Market Regulation': 0.03, '602 - National Way of Life: Negative': 0.03, '703 - Agriculture and Farmers: Positive': 0.03, '104 - Military: Positive': 0.02, '105 - Military: Negative': 0.02, '109 - Internationalism: Negative': 0.02, '408 - Economic Goals': 0.02, '409 - Keynesian Demand Management': 0.02, '411 - Technology and Infrastructure': 0.02, '704 - Middle Class and Professional Groups': 0.02, '102 - Foreign Special Relationships: Negative': 0.01, '106 - Peace': 0.01, '107 - Internationalism: Positive': 0.01, '402 - Incentives': 0.01, '404 - Economic Planning': 0.01, '410 - Economic Growth: Positive': 0.01, '412 - Controlled Economy': 0.01, '413 - Nationalisation': 0.01, '415 - Marxist Analysis: Positive': 0.01, '701 - Labour Groups: Positive': 0.01, '101 - Foreign Special Relationships: Positive': 0.0, '103 - Anti-Imperialism': 0.0, '405 - Corporatism/ Mixed Economy': 0.0, '406 - Protectionism: Positive': 0.0, '407 - Protectionism: Negative': 0.0, '702 - Labour Groups: Negative': 0.0}"
In Deutschland soll die 35-Stunden-Woche als gesetzliche Regelarbeitszeit für alle Beschäftigten festgelegt werden.,701 - Labour Groups: Positive,"{'701 - Labour Groups: Positive': 88.53, '412 - Controlled Economy': 7.53, '702 - Labour Groups: Negative': 1.6, '408 - Economic Goals': 0.5, '303 - Governmental and Administrative Efficiency': 0.17, '405 - Corporatism/ Mixed Economy': 0.17, '403 - Market Regulation': 0.15, '504 - Welfare State Expansion': 0.1, '501 - Environmental Protection: Positive': 0.09, '402 - Incentives': 0.07, '503 - Equality: Positive': 0.07, '601 - National Way of Life: Positive': 0.07, '603 - Traditional Morality: Positive': 0.07, '401 - Free Market Economy': 0.06, '416 - Anti-Growth Economy: Positive': 0.06, '505 - Welfare State Limitation': 0.06, '410 - Economic Growth: Positive': 0.05, '411 - Technology and Infrastructure': 0.05, '605 - Law and Order: Positive': 0.05, '704 - Middle Class and Professional Groups': 0.05, '414 - Economic Orthodoxy': 0.04, '606 - Civic Mindedness: Positive': 0.04, '706 - Non-economic Demographic Groups': 0.04, '107 - Internationalism: Positive': 0.03, '110 - European Community/Union: Negative': 0.03, '302 - Centralisation': 0.03, '305 - Political Authority': 0.03, '404 - Economic Planning': 0.03, '108 - European Community/Union: Positive': 0.02, '406 - Protectionism: Positive': 0.02, '415 - Marxist Analysis: Positive': 0.02, '502 - Culture: Positive': 0.02, '608 - Multiculturalism: Negative': 0.02, '703 - Agriculture and Farmers: Positive': 0.02, '103 - Anti-Imperialism': 0.01, '104 - Military: Positive': 0.01, '106 - Peace': 0.01, '109 - Internationalism: Negative': 0.01, '201 - Freedom and Human Rights': 0.01, '301 - Federalism': 0.01, '409 - Keynesian Demand Management': 0.01, '413 - Nationalisation': 0.01, '506 - Education Expansion': 0.01, '602 - National Way of Life: Negative': 0.01, '604 - Traditional Morality: Negative': 0.01, '101 - Foreign Special Relationships: Positive': 0.0, '102 - Foreign Special Relationships: Negative': 0.0, '105 - Military: Negative': 0.0, '202 - Democracy': 0.0, '203 - Constitutionalism: Positive': 0.0, '204 - Constitutionalism: Negative': 0.0, '304 - Political Corruption': 0.0, '407 - Protectionism: Negative': 0.0, '507 - Education Limitation': 0.0, '607 - Multiculturalism: Positive': 0.0, '705 - Underprivileged Minority Groups': 0.0}"
In Deutschland soll es auf Bundesebene Volksentscheide geben können.,202 - Democracy,"{'202 - Democracy': 90.05, '301 - Federalism': 8.06, '302 - Centralisation': 0.5, '204 - Constitutionalism: Negative': 0.49, '203 - Constitutionalism: Positive': 0.15, '303 - Governmental and Administrative Efficiency': 0.15, '601 - National Way of Life: Positive': 0.1, '201 - Freedom and Human Rights': 0.09, '606 - Civic Mindedness: Positive': 0.08, '305 - Political Authority': 0.06, '602 - National Way of Life: Negative': 0.05, '304 - Political Corruption': 0.03, '108 - European Community/Union: Positive': 0.01, '109 - Internationalism: Negative': 0.01, '110 - European Community/Union: Negative': 0.01, '405 - Corporatism/ Mixed Economy': 0.01, '412 - Controlled Economy': 0.01, '413 - Nationalisation': 0.01, '501 - Environmental Protection: Positive': 0.01, '502 - Culture: Positive': 0.01, '503 - Equality: Positive': 0.01, '504 - Welfare State Expansion': 0.01, '506 - Education Expansion': 0.01, '605 - Law and Order: Positive': 0.01, '607 - Multiculturalism: Positive': 0.01, '706 - Non-economic Demographic Groups': 0.01, '101 - Foreign Special Relationships: Positive': 0.0, '102 - Foreign Special Relationships: Negative': 0.0, '103 - Anti-Imperialism': 0.0, '104 - Military: Positive': 0.0, '105 - Military: Negative': 0.0, '106 - Peace': 0.0, '107 - Internationalism: Positive': 0.0, '401 - Free Market Economy': 0.0, '402 - Incentives': 0.0, '403 - Market Regulation': 0.0, '404 - Economic Planning': 0.0, '406 - Protectionism: Positive': 0.0, '407 - Protectionism: Negative': 0.0, '408 - Economic Goals': 0.0, '409 - Keynesian Demand Management': 0.0, '410 - Economic Growth: Positive': 0.0, '411 - Technology and Infrastructure': 0.0, '414 - Economic Orthodoxy': 0.0, '415 - Marxist Analysis: Positive': 0.0, '416 - Anti-Growth Economy: Positive': 0.0, '505 - Welfare State Limitation': 0.0, '507 - Education Limitation': 0.0, '603 - Traditional Morality: Positive': 0.0, '604 - Traditional Morality: Negative': 0.0, '608 - Multiculturalism: Negative': 0.0, '701 - Labour Groups: Positive': 0.0, '702 - Labour Groups: Negative': 0.0, '703 - Agriculture and Farmers: Positive': 0.0, '704 - Middle Class and Professional Groups': 0.0, '705 - Underprivileged Minority Groups': 0.0}"
"In Deutschland soll es weiterhin generell möglich sein, neben der deutschen eine zweite Staatsbürgerschaft zu haben.",607 - Multiculturalism: Positive,"{'607 - Multiculturalism: Positive': 55.61, '601 - National Way of Life: Positive': 14.41, '201 - Freedom and Human Rights': 8.25, '608 - Multiculturalism: Negative': 5.71, '705 - Underprivileged Minority Groups': 5.02, '303 - Governmental and Administrative Efficiency': 2.24, '503 - Equality: Positive': 1.2, '602 - National Way of Life: Negative': 1.11, '301 - Federalism': 0.86, '604 - Traditional Morality: Negative': 0.83, '706 - Non-economic Demographic Groups': 0.62, '605 - Law and Order: Positive': 0.44, '202 - Democracy': 0.4, '401 - Free Market Economy': 0.35, '505 - Welfare State Limitation': 0.34, '606 - Civic Mindedness: Positive': 0.33, '504 - Welfare State Expansion': 0.26, '502 - Culture: Positive': 0.16, '107 - Internationalism: Positive': 0.15, '305 - Political Authority': 0.14, '408 - Economic Goals': 0.13, '204 - Constitutionalism: Negative': 0.11, '701 - Labour Groups: Positive': 0.11, '506 - Education Expansion': 0.1, '603 - Traditional Morality: Positive': 0.1, '302 - Centralisation': 0.09, '704 - Middle Class and Professional Groups': 0.08, '108 - European Community/Union: Positive': 0.07, '402 - Incentives': 0.07, '414 - Economic Orthodoxy': 0.07, '203 - Constitutionalism: Positive': 0.06, '410 - Economic Growth: Positive': 0.06, '411 - Technology and Infrastructure': 0.06, '703 - Agriculture and Farmers: Positive': 0.06, '304 - Political Corruption': 0.05, '702 - Labour Groups: Negative': 0.05, '110 - European Community/Union: Negative': 0.04, '109 - Internationalism: Negative': 0.03, '403 - Market Regulation': 0.03, '407 - Protectionism: Negative': 0.03, '501 - Environmental Protection: Positive': 0.03, '507 - Education Limitation': 0.03, '101 - Foreign Special Relationships: Positive': 0.02, '412 - Controlled Economy': 0.02, '102 - Foreign Special Relationships: Negative': 0.01, '103 - Anti-Imperialism': 0.01, '104 - Military: Positive': 0.01, '105 - Military: Negative': 0.01, '406 - Protectionism: Positive': 0.01, '409 - Keynesian Demand Management': 0.01, '415 - Marxist Analysis: Positive': 0.01, '416 - Anti-Growth Economy: Positive': 0.01, '106 - Peace': 0.0, '404 - Economic Planning': 0.0, '405 - Corporatism/ Mixed Economy': 0.0, '413 - Nationalisation': 0.0}"
Neue Heizungen sollen auch zukünftig vollständig mit fossilen Brennstoffen (z. B. Gas oder Öl) betrieben werden dürfen.,501 - Environmental Protection: Positive,"{'501 - Environmental Protection: Positive': 80.6, '416 - Anti-Growth Economy: Positive': 7.22, '411 - Technology and Infrastructure': 4.29, '401 - Free Market Economy': 3.11, '408 - Economic Goals': 1.28, '402 - Incentives': 0.77, '403 - Market Regulation': 0.61, '412 - Controlled Economy': 0.53, '201 - Freedom and Human Rights': 0.33, '410 - Economic Growth: Positive': 0.14, '303 - Governmental and Administrative Efficiency': 0.09, '504 - Welfare State Expansion': 0.08, '404 - Economic Planning': 0.07, '414 - Economic Orthodoxy': 0.06, '706 - Non-economic Demographic Groups': 0.06, '107 - Internationalism: Positive': 0.05, '703 - Agriculture and Farmers: Positive': 0.05, '105 - Military: Negative': 0.04, '202 - Democracy': 0.04, '301 - Federalism': 0.04, '407 - Protectionism: Negative': 0.04, '409 - Keynesian Demand Management': 0.04, '502 - Culture: Positive': 0.04, '503 - Equality: Positive': 0.04, '108 - European Community/Union: Positive': 0.03, '305 - Political Authority': 0.03, '406 - Protectionism: Positive': 0.03, '601 - National Way of Life: Positive': 0.03, '413 - Nationalisation': 0.02, '506 - Education Expansion': 0.02, '604 - Traditional Morality: Negative': 0.02, '607 - Multiculturalism: Positive': 0.02, '701 - Labour Groups: Positive': 0.02, '705 - Underprivileged Minority Groups': 0.02, '101 - Foreign Special Relationships: Positive': 0.01, '102 - Foreign Special Relationships: Negative': 0.01, '104 - Military: Positive': 0.01, '106 - Peace': 0.01, '109 - Internationalism: Negative': 0.01, '110 - European Community/Union: Negative': 0.01, '203 - Constitutionalism: Positive': 0.01, '302 - Centralisation': 0.01, '415 - Marxist Analysis: Positive': 0.01, '505 - Welfare State Limitation': 0.01, '507 - Education Limitation': 0.01, '603 - Traditional Morality: Positive': 0.01, '605 - Law and Order: Positive': 0.01, '606 - Civic Mindedness: Positive': 0.01, '608 - Multiculturalism: Negative': 0.01, '704 - Middle Class and Professional Groups': 0.01, '103 - Anti-Imperialism': 0.0, '204 - Constitutionalism: Negative': 0.0, '304 - Political Corruption': 0.0, '405 - Corporatism/ Mixed Economy': 0.0, '602 - National Way of Life: Negative': 0.0, '702 - Labour Groups: Negative': 0.0}"
Schwangerschaftsabbrüche sollen in den ersten drei Monaten weiterhin nur nach Beratung straffrei sein.,604 - Traditional Morality: Negative,"{'604 - Traditional Morality: Negative': 65.16, '603 - Traditional Morality: Positive': 20.29, '605 - Law and Order: Positive': 6.16, '706 - Non-economic Demographic Groups': 3.03, '504 - Welfare State Expansion': 2.0, '201 - Freedom and Human Rights': 1.18, '503 - Equality: Positive': 0.76, '303 - Governmental and Administrative Efficiency': 0.24, '705 - Underprivileged Minority Groups': 0.21, '608 - Multiculturalism: Negative': 0.14, '601 - National Way of Life: Positive': 0.06, '606 - Civic Mindedness: Positive': 0.06, '202 - Democracy': 0.05, '203 - Constitutionalism: Positive': 0.05, '505 - Welfare State Limitation': 0.05, '607 - Multiculturalism: Positive': 0.05, '403 - Market Regulation': 0.04, '412 - Controlled Economy': 0.04, '401 - Free Market Economy': 0.03, '402 - Incentives': 0.03, '703 - Agriculture and Farmers: Positive': 0.03, '704 - Middle Class and Professional Groups': 0.03, '105 - Military: Negative': 0.02, '204 - Constitutionalism: Negative': 0.02, '301 - Federalism': 0.02, '302 - Centralisation': 0.02, '305 - Political Authority': 0.02, '408 - Economic Goals': 0.02, '411 - Technology and Infrastructure': 0.02, '501 - Environmental Protection: Positive': 0.02, '506 - Education Expansion': 0.02, '701 - Labour Groups: Positive': 0.02, '702 - Labour Groups: Negative': 0.02, '104 - Military: Positive': 0.01, '106 - Peace': 0.01, '107 - Internationalism: Positive': 0.01, '109 - Internationalism: Negative': 0.01, '110 - European Community/Union: Negative': 0.01, '404 - Economic Planning': 0.01, '413 - Nationalisation': 0.01, '414 - Economic Orthodoxy': 0.01, '502 - Culture: Positive': 0.01, '507 - Education Limitation': 0.01, '602 - National Way of Life: Negative': 0.01, '101 - Foreign Special Relationships: Positive': 0.0, '102 - Foreign Special Relationships: Negative': 0.0, '103 - Anti-Imperialism': 0.0, '108 - European Community/Union: Positive': 0.0, '304 - Political Corruption': 0.0, '405 - Corporatism/ Mixed Economy': 0.0, '406 - Protectionism: Positive': 0.0, '407 - Protectionism: Negative': 0.0, '409 - Keynesian Demand Management': 0.0, '410 - Economic Growth: Positive': 0.0, '415 - Marxist Analysis: Positive': 0.0, '416 - Anti-Growth Economy: Positive': 0.0}"
Unter 14-Jährige sollen strafrechtlich belangt werden können.,605 - Law and Order: Positive,"{'605 - Law and Order: Positive': 44.89, '706 - Non-economic Demographic Groups': 43.2, '503 - Equality: Positive': 5.04, '201 - Freedom and Human Rights': 2.27, '504 - Welfare State Expansion': 0.97, '705 - Underprivileged Minority Groups': 0.7, '303 - Governmental and Administrative Efficiency': 0.63, '603 - Traditional Morality: Positive': 0.58, '202 - Democracy': 0.43, '604 - Traditional Morality: Negative': 0.27, '601 - National Way of Life: Positive': 0.1, '606 - Civic Mindedness: Positive': 0.1, '403 - Market Regulation': 0.08, '506 - Education Expansion': 0.08, '505 - Welfare State Limitation': 0.07, '608 - Multiculturalism: Negative': 0.06, '203 - Constitutionalism: Positive': 0.04, '204 - Constitutionalism: Negative': 0.03, '304 - Political Corruption': 0.03, '305 - Political Authority': 0.03, '401 - Free Market Economy': 0.03, '411 - Technology and Infrastructure': 0.03, '412 - Controlled Economy': 0.03, '704 - Middle Class and Professional Groups': 0.03, '301 - Federalism': 0.02, '302 - Centralisation': 0.02, '402 - Incentives': 0.02, '408 - Economic Goals': 0.02, '607 - Multiculturalism: Positive': 0.02, '701 - Labour Groups: Positive': 0.02, '102 - Foreign Special Relationships: Negative': 0.01, '104 - Military: Positive': 0.01, '105 - Military: Negative': 0.01, '107 - Internationalism: Positive': 0.01, '108 - European Community/Union: Positive': 0.01, '414 - Economic Orthodoxy': 0.01, '501 - Environmental Protection: Positive': 0.01, '502 - Culture: Positive': 0.01, '507 - Education Limitation': 0.01, '602 - National Way of Life: Negative': 0.01, '702 - Labour Groups: Negative': 0.01, '703 - Agriculture and Farmers: Positive': 0.01, '101 - Foreign Special Relationships: Positive': 0.0, '103 - Anti-Imperialism': 0.0, '106 - Peace': 0.0, '109 - Internationalism: Negative': 0.0, '110 - European Community/Union: Negative': 0.0, '404 - Economic Planning': 0.0, '405 - Corporatism/ Mixed Economy': 0.0, '406 - Protectionism: Positive': 0.0, '407 - Protectionism: Negative': 0.0, '409 - Keynesian Demand Management': 0.0, '410 - Economic Growth: Positive': 0.0, '413 - Nationalisation': 0.0, '415 - Marxist Analysis: Positive': 0.0, '416 - Anti-Growth Economy: Positive': 0.0}"
Unternehmen sollen weiterhin die Einhaltung der Menschenrechte und des Umweltschutzes bei allen Zulieferern kontrollieren müssen.,403 - Market Regulation,"{'403 - Market Regulation': 43.91, '201 - Freedom and Human Rights': 32.78, '416 - Anti-Growth Economy: Positive': 11.62, '501 - Environmental Protection: Positive': 6.69, '202 - Democracy': 0.87, '605 - Law and Order: Positive': 0.56, '412 - Controlled Economy': 0.52, '107 - Internationalism: Positive': 0.3, '401 - Free Market Economy': 0.26, '406 - Protectionism: Positive': 0.26, '303 - Governmental and Administrative Efficiency': 0.24, '701 - Labour Groups: Positive': 0.19, '408 - Economic Goals': 0.18, '402 - Incentives': 0.17, '503 - Equality: Positive': 0.16, '411 - Technology and Infrastructure': 0.15, '606 - Civic Mindedness: Positive': 0.1, '603 - Traditional Morality: Positive': 0.09, '304 - Political Corruption': 0.07, '305 - Political Authority': 0.06, '703 - Agriculture and Farmers: Positive': 0.06, '404 - Economic Planning': 0.05, '410 - Economic Growth: Positive': 0.05, '504 - Welfare State Expansion': 0.05, '706 - Non-economic Demographic Groups': 0.05, '105 - Military: Negative': 0.04, '413 - Nationalisation': 0.04, '103 - Anti-Imperialism': 0.03, '203 - Constitutionalism: Positive': 0.03, '405 - Corporatism/ Mixed Economy': 0.03, '409 - Keynesian Demand Management': 0.03, '502 - Culture: Positive': 0.03, '705 - Underprivileged Minority Groups': 0.03, '104 - Military: Positive': 0.02, '106 - Peace': 0.02, '108 - European Community/Union: Positive': 0.02, '109 - Internationalism: Negative': 0.02, '301 - Federalism': 0.02, '407 - Protectionism: Negative': 0.02, '506 - Education Expansion': 0.02, '602 - National Way of Life: Negative': 0.02, '607 - Multiculturalism: Positive': 0.02, '704 - Middle Class and Professional Groups': 0.02, '101 - Foreign Special Relationships: Positive': 0.01, '204 - Constitutionalism: Negative': 0.01, '302 - Centralisation': 0.01, '414 - Economic Orthodoxy': 0.01, '415 - Marxist Analysis: Positive': 0.01, '601 - National Way of Life: Positive': 0.01, '604 - Traditional Morality: Negative': 0.01, '608 - Multiculturalism: Negative': 0.01, '102 - Foreign Special Relationships: Negative': 0.0, '110 - European Community/Union: Negative': 0.0, '505 - Welfare State Limitation': 0.0, '507 - Education Limitation': 0.0, '702 - Labour Groups: Negative': 0.0}"
Ökologische Landwirtschaft soll stärker gefördert werden als konventionelle Landwirtschaft.,703 - Agriculture and Farmers: Positive,"{'703 - Agriculture and Farmers: Positive': 65.23, '501 - Environmental Protection: Positive': 22.03, '416 - Anti-Growth Economy: Positive': 11.72, '402 - Incentives': 0.3, '408 - Economic Goals': 0.07, '403 - Market Regulation': 0.06, '410 - Economic Growth: Positive': 0.06, '411 - Technology and Infrastructure': 0.06, '504 - Welfare State Expansion': 0.05, '401 - Free Market Economy': 0.04, '412 - Controlled Economy': 0.03, '503 - Equality: Positive': 0.03, '303 - Governmental and Administrative Efficiency': 0.02, '404 - Economic Planning': 0.02, '406 - Protectionism: Positive': 0.02, '502 - Culture: Positive': 0.02, '601 - National Way of Life: Positive': 0.02, '701 - Labour Groups: Positive': 0.02, '706 - Non-economic Demographic Groups': 0.02, '107 - Internationalism: Positive': 0.01, '108 - European Community/Union: Positive': 0.01, '110 - European Community/Union: Negative': 0.01, '201 - Freedom and Human Rights': 0.01, '301 - Federalism': 0.01, '305 - Political Authority': 0.01, '409 - Keynesian Demand Management': 0.01, '413 - Nationalisation': 0.01, '414 - Economic Orthodoxy': 0.01, '415 - Marxist Analysis: Positive': 0.01, '505 - Welfare State Limitation': 0.01, '506 - Education Expansion': 0.01, '603 - Traditional Morality: Positive': 0.01, '605 - Law and Order: Positive': 0.01, '606 - Civic Mindedness: Positive': 0.01, '607 - Multiculturalism: Positive': 0.01, '705 - Underprivileged Minority Groups': 0.01, '101 - Foreign Special Relationships: Positive': 0.0, '102 - Foreign Special Relationships: Negative': 0.0, '103 - Anti-Imperialism': 0.0, '104 - Military: Positive': 0.0, '105 - Military: Negative': 0.0, '106 - Peace': 0.0, '109 - Internationalism: Negative': 0.0, '202 - Democracy': 0.0, '203 - Constitutionalism: Positive': 0.0, '204 - Constitutionalism: Negative': 0.0, '302 - Centralisation': 0.0, '304 - Political Corruption': 0.0, '405 - Corporatism/ Mixed Economy': 0.0, '407 - Protectionism: Negative': 0.0, '507 - Education Limitation': 0.0, '602 - National Way of Life: Negative': 0.0, '604 - Traditional Morality: Negative': 0.0, '608 - Multiculturalism: Negative': 0.0, '702 - Labour Groups: Negative': 0.0, '704 - Middle Class and Professional Groups': 0.0}"
